lot_id,lot_number,auction_id,auction_title,auction_date,auction_location,sale_type,artist_name,artist_birth_year,artist_death_year,title,medium_raw,medium_category,height_cm,width_cm,year_created,is_signed,is_dated,provenance_text,provenance_count,literature_text,literature_count,exhibited_text,exhibition_count,estimate_low_usd,estimate_high_usd,estimate_currency,hammer_price_usd,hammer_currency,is_sold,is_withdrawn,image_url,lot_url
astaguru_1,0,astaguru_217,Masters Legacy,2026-03-10,Mumbai,auction,Walter Langhammer,,,Untitled (Portrait Of A Child Reclining On A Sofa)),Oil on canvas,oil_on_canvas,71.0,82.5,1940.0,True,False,Property from a collection based in North India,1,,0,,0,11800.0,17700.0,INR,22994.86,INR,True,False,https://assets.astaguru.com/auctions/217/ml-mar26-1l.jpg,https://www.astaguru.com/lots//auctions/results/2026/masters-legacy-217/untitled-portrait-of-a-child-reclining-on-a-sofa-18717
astaguru_2,0,astaguru_217,Masters Legacy,2026-03-10,Mumbai,auction,Sital Chandra Bandyopadhyay,,,Untitled,Watercolour on paper,watercolor_on_paper,33.0,45.7,1930.0,True,False,"Property from a collection based in Kolkata. Artwork was acquired by the present owner directly from the artist, thence by descent",1,,0,,0,11800.0,17700.0,INR,30606.17,INR,True,False,https://assets.astaguru.com/auctions/217/ml-mar26-2l.jpg,https://www.astaguru.com/lots//auctions/results/2026/masters-legacy-217/untitled-18718
astaguru_3,0,astaguru_217,Masters Legacy,2026-03-10,Mumbai,auction,Xu Beihong,,,Galloping Horse,Ink on paper,ink_on_paper,109.2,61.0,1947.0,True,True,"Property from the collection of artist Shanu Lahiri, thence by descent. Artwork was acquired directly from the artist",1,,0,,0,59000.0,70800.0,INR,137969.18,INR,True,False,https://assets.astaguru.com/auctions/217/ml-mar26-3l.jpg,https://www.astaguru.com/lots//auctions/results/2026/masters-legacy-217/galloping-horse-18719
astaguru_4,0,astaguru_217,Masters Legacy,2026-03-10,Mumbai,auction,Nandalal Bose,,,Untitled (Shiva Drinking World Poison),Watercolour on paper,watercolor_on_paper,78.7,66.0,1943.0,True,True,"Property from an international collection. Artwork was acquired by the present owner directly from the artist, thence by descent",1,,0,,0,236000.0,354000.0,INR,571120.0,INR,True,False,https://assets.astaguru.com/auctions/217/ml-mar26-4l.jpg,https://www.astaguru.com/lots//auctions/results/2026/masters-legacy-217/untitled-shiva-drinking-world-poison-18720
astaguru_5,0,astaguru_217,Masters Legacy,2026-03-10,Mumbai,auction,Ramkinkar Baij,,,Father & Son,Cement cast,other,43.2,35.6,,False,False,Property from a collection based in New Delhi. Artwork was acquired by the present owner from a friend of the artist,1,,0,,0,118000.0,177000.0,INR,757761.15,INR,True,False,https://assets.astaguru.com/auctions/217/ml-mar26-5l.jpg,https://www.astaguru.com/lots//auctions/results/2026/masters-legacy-217/father-&-son-18721
astaguru_6,0,astaguru_217,Masters Legacy,2026-03-10,Mumbai,auction,Nandalal Bose,,,"24 Handwritten Letters, 7 Handwritten Envelopes & 1 Autographed Photo",Ink on paper,ink_on_paper,,,1947.0,True,True,Property from a collection based in Kolkata,1,,0,,0,17700.0,23600.0,INR,21417.0,INR,True,False,https://assets.astaguru.com/auctions/217/ml-mar26-n6l.jpg,https://www.astaguru.com/lots//auctions/results/2026/masters-legacy-217/24-handwritten-letters-7-handwritten-envelopes-&-1-autographed-photo-18722
astaguru_7,0,astaguru_217,Masters Legacy,2026-03-10,Mumbai,auction,Sadanand Bakre,,,Still Life,Oil on canvas,oil_on_canvas,57.15,57.15,1963.0,True,True,Property from a collection based in New Delhi. Artwork originally from the estate of artist Sadanand K Bakre,1,,0,,0,17700.0,23600.0,INR,108251.6,INR,True,False,https://assets.astaguru.com/auctions/217/ml-mar26-7l.jpg,https://www.astaguru.com/lots//auctions/results/2026/masters-legacy-217/still-life-18723
astaguru_8,0,astaguru_217,Masters Legacy,2026-03-10,Mumbai,auction,Paramjit Singh,,,Untitled,Oil on canvas,oil_on_canvas,91.4,63.5,2020.0,True,True,Property from a collection based in Mumbai,1,,0,,0,14160.0,17700.0,INR,40400.13,INR,True,False,https://assets.astaguru.com/auctions/217/ml-mar26-8l.jpg,https://www.astaguru.com/lots//auctions/results/2026/masters-legacy-217/untitled-18724
astaguru_9,0,astaguru_217,Masters Legacy,2026-03-10,Mumbai,auction,Sohan Qadri,,,Untitled,"Watercolour, natural dye & incision on paper",watercolor,63.5,48.3,,True,False,Property from a collection based in New Delhi,1,,0,,0,5900.0,8260.0,INR,13911.89,INR,True,False,https://assets.astaguru.com/auctions/217/ml-mar26-9l.jpg,https://www.astaguru.com/lots//auctions/results/2026/masters-legacy-217/untitled-18725
astaguru_10,0,astaguru_217,Masters Legacy,2026-03-10,Mumbai,auction,K H Ara,,,The Dance Of Life,Mixed media on paper,mixed_media,68.0,105.4,1950.0,True,False,"Property from a collection based in Mumbai, thence by descent",1,,0,,0,35400.0,47200.0,INR,83471.35,INR,True,False,https://assets.astaguru.com/auctions/217/ml-mar26-10l.jpg,https://www.astaguru.com/lots//auctions/results/2026/masters-legacy-217/the-dance-of-life-18726
astaguru_11,0,astaguru_217,Masters Legacy,2026-03-10,Mumbai,auction,Bimal Das Gupta,,,Untitled,Oil on canvas,oil_on_canvas,61.0,50.8,1950.0,True,False,Property from a collection based in Mumbai,1,,0,,0,11800.0,17700.0,INR,28556.0,INR,True,False,https://assets.astaguru.com/auctions/217/ml-mar26-11l.jpg,https://www.astaguru.com/lots//auctions/results/2026/masters-legacy-217/untitled-18727
astaguru_12,0,astaguru_217,Masters Legacy,2026-03-10,Mumbai,auction,Somnath Hore,,,Wound,Bronze,bronze_sculpture,5.0,6.4,1992.0,True,True,Property from a collection based in Kolkata. Artwork was acquired by the present owner directly from the artist,1,,0,,0,76700.0,100300.0,INR,291268.14,INR,True,False,https://assets.astaguru.com/auctions/217/ml-mar26-12l.jpg,https://www.astaguru.com/lots//auctions/results/2026/masters-legacy-217/wound-18728
astaguru_13,0,astaguru_217,Masters Legacy,2026-03-10,Mumbai,auction,F N Souza,,,Untitled (Still Life),Oil on canvas,oil_on_canvas,50.8,61.0,1996.0,True,True,Property from a collection based in London. Artwork was acquired by the present owner directly from the artist,1,,0,,0,23600.0,29500.0,INR,83617.68,INR,True,False,https://assets.astaguru.com/auctions/217/ml-mar26-13l.jpg,https://www.astaguru.com/lots//auctions/results/2026/masters-legacy-217/untitled-still-life-18729
astaguru_14,0,astaguru_217,Masters Legacy,2026-03-10,Mumbai,auction,S H Raza,,,Oval,Acrylic on canvas board,acrylic_on_canvas,29.2,29.2,2001.0,True,True,Property from a collection based in Mumbai,1,,0,,0,23600.0,35400.0,INR,47510.04,INR,True,False,https://assets.astaguru.com/auctions/217/ml-mar26-14l.jpg,https://www.astaguru.com/lots//auctions/results/2026/masters-legacy-217/oval-18730
astaguru_15,0,astaguru_217,Masters Legacy,2026-03-10,Mumbai,auction,M F Husain,,,Untitled (Horses),Acrylic on canvas,acrylic_on_canvas,59.7,101.6,1990.0,True,False,Property from the collection of the artist's friend based in South India,1,,0,,0,177000.0,236000.0,INR,294562.28,INR,True,False,https://assets.astaguru.com/auctions/217/ml-mar26-15l.jpg,https://www.astaguru.com/lots//auctions/results/2026/masters-legacy-217/untitled-horses-18731
astaguru_16,0,astaguru_217,Masters Legacy,2026-03-10,Mumbai,auction,V S Gaitonde,,,Untitled,Ink on paper,ink_on_paper,33.0,24.0,1985.0,True,True,Property from an international collection. This lot was previously auctioned by AstaGuru in 2022,1,,0,,0,23600.0,35400.0,INR,41808.84,INR,True,False,https://assets.astaguru.com/auctions/217/ml-mar26-16l.jpg,https://www.astaguru.com/lots//auctions/results/2026/masters-legacy-217/untitled-18732
astaguru_17,0,astaguru_217,Masters Legacy,2026-03-10,Mumbai,auction,Niren Sengupta,,,Initiation,Oil on canvas,oil_on_canvas,151.0,90.2,2005.0,True,True,Property from a collection based in New Delhi,1,,0,,0,11800.0,17700.0,INR,22994.86,INR,True,False,https://assets.astaguru.com/auctions/217/ml-mar26-17l.jpg,https://www.astaguru.com/lots//auctions/results/2026/masters-legacy-217/initiation-18733
astaguru_18,0,astaguru_217,Masters Legacy,2026-03-10,Mumbai,auction,Krishen Khanna,,,Untitled (Bandwalla),Oil on canvas,oil_on_canvas,106.7,66.0,,True,False,"Property from the collection of Karan Khanna, the artist's son",1,,0,,0,47200.0,70800.0,INR,125207.04,INR,True,False,https://assets.astaguru.com/auctions/217/ml-mar26-18l.jpg,https://www.astaguru.com/lots//auctions/results/2026/masters-legacy-217/untitled-bandwalla-18734
astaguru_19,0,astaguru_217,Masters Legacy,2026-03-10,Mumbai,auction,Himmat Shah,,,Untitled (Unique Edition),Bheslana black marble,marble_sculpture,66.0,61.0,,True,False,Property from a collection based in New Delhi. Artwork was acquired by the present owner directly from the artist,1,,0,,0,47200.0,70800.0,INR,69105.52,INR,True,False,https://assets.astaguru.com/auctions/217/ml-mar26-19l.jpg,https://www.astaguru.com/lots//auctions/results/2026/masters-legacy-217/untitled-unique-edition-18735
astaguru_20,0,astaguru_217,Masters Legacy,2026-03-10,Mumbai,auction,M F Husain,,,Untitled (Grandfather),Acrylic on canvas,acrylic_on_canvas,63.0,98.6,2000.0,True,False,Property from a collection based in New Delhi. Artwork originally from the collection of Dhoomimal Gallery,1,,0,,0,94400.0,141600.0,INR,188469.6,INR,True,False,https://assets.astaguru.com/auctions/217/ml-mar26-20l.jpg,https://www.astaguru.com/lots//auctions/results/2026/masters-legacy-217/untitled-grandfather-18736
astaguru_21,0,astaguru_217,Masters Legacy,2026-03-10,Mumbai,auction,Krishen Khanna,,,Tadian Tadian Tut Aram Thai (Mummy's Dance Instructor Who Was Driven Mad),Oil on canvas,oil_on_canvas,49.5,39.4,1998.0,True,True,Property from a collection based in New Delhi,1,,0,,0,14160.0,18880.0,INR,20731.66,INR,True,False,https://assets.astaguru.com/auctions/217/ml-mar26-21l.jpg,https://www.astaguru.com/lots//auctions/results/2026/masters-legacy-217/tadian-tadian-tut-aram-thai-mummy's-dance-instructor-who-was-driven-mad-18737
astaguru_22,0,astaguru_217,Masters Legacy,2026-03-10,Mumbai,auction,A A Almelkar,,,Untitled,Oil on canvas,oil_on_canvas,63.5,101.6,1968.0,True,True,Property from a collection based in New Delhi,1,,0,,0,9440.0,11800.0,INR,24484.93,INR,True,False,https://assets.astaguru.com/auctions/217/ml-mar26-22l.jpg,https://www.astaguru.com/lots//auctions/results/2026/masters-legacy-217/untitled-18738
astaguru_23,0,astaguru_217,Masters Legacy,2026-03-10,Mumbai,auction,Krishen Khanna,,,Rekhy Saab Drum Wale (Edition Of 9),Bronze,bronze_sculpture,61.0,50.8,,True,False,Property from a collection based in New Delhi,1,,0,,0,17700.0,23600.0,INR,28506.03,INR,True,False,https://assets.astaguru.com/auctions/217/ml-mar26-23l.jpg,https://www.astaguru.com/lots//auctions/results/2026/masters-legacy-217/rekhy-saab-drum-wale-edition-of-9-18739
astaguru_24,0,astaguru_217,Masters Legacy,2026-03-10,Mumbai,auction,Jangarh Singh Shyam,,,Untitled (Dev),Acrylic on canvas,acrylic_on_canvas,86.4,111.8,1994.0,True,True,Property from a collection based in New Delhi,1,,0,,0,35400.0,47200.0,INR,114224.0,INR,True,False,https://assets.astaguru.com/auctions/217/ml-mar26-24l.jpg,https://www.astaguru.com/lots//auctions/results/2026/masters-legacy-217/untitled-dev-18740
astaguru_25,0,astaguru_217,Masters Legacy,2026-03-10,Mumbai,auction,Sohan Qadri,,,Untitled,Natural dye & incision on paper,other,100.3,66.0,2009.0,True,True,Property from a collection based in New Delhi. Artwork originally from the collection of Dhoomimal Gallery,1,,0,,0,11800.0,17700.0,INR,30606.17,INR,True,False,https://assets.astaguru.com/auctions/217/ml-mar26-25l.jpg,https://www.astaguru.com/lots//auctions/results/2026/masters-legacy-217/untitled-18741
astaguru_26,0,astaguru_217,Masters Legacy,2026-03-10,Mumbai,auction,M F Husain,,,Untitled (Horses),Acrylic on canvas,acrylic_on_canvas,59.7,101.6,1990.0,True,False,Property from the collection of the artist's friend based in South India,1,,0,,0,177000.0,236000.0,INR,313566.3,INR,True,False,https://assets.astaguru.com/auctions/217/ml-mar26-26l.jpg,https://www.astaguru.com/lots//auctions/results/2026/masters-legacy-217/untitled-horses-18742
astaguru_27,0,astaguru_217,Masters Legacy,2026-03-10,Mumbai,auction,Bikash Bhattacharjee,,,Untitled,Oil on canvas,oil_on_canvas,147.3,116.8,1998.0,True,True,Property from an international collection,1,,0,,0,354000.0,472000.0,INR,471174.0,INR,True,False,https://assets.astaguru.com/auctions/217/ml-mar26-27l.jpg,https://www.astaguru.com/lots//auctions/results/2026/masters-legacy-217/untitled-18743
astaguru_28,0,astaguru_217,Masters Legacy,2026-03-10,Mumbai,auction,Bal Chhabda,,,Untitled,Oil on canvas,oil_on_canvas,170.2,104.0,,False,False,Property from a collection based in Mumbai,1,,0,,0,11800.0,17700.0,INR,20904.42,INR,True,False,https://assets.astaguru.com/auctions/217/ml-mar26-28l.jpg,https://www.astaguru.com/lots//auctions/results/2026/masters-legacy-217/untitled-18744
astaguru_29,0,astaguru_217,Masters Legacy,2026-03-10,Mumbai,auction,F N Souza,,,Garden City,Oil on canvas,oil_on_canvas,60.0,76.0,1969.0,True,True,Property originally from the collection of Dhoomimal Gallery. This lot was previously auctioned by Saffronart,1,,0,,0,236000.0,354000.0,INR,740669.09,INR,True,False,https://assets.astaguru.com/auctions/217/ml-mar26-29l.jpg,https://www.astaguru.com/lots//auctions/results/2026/masters-legacy-217/garden-city-18745
astaguru_30,0,astaguru_217,Masters Legacy,2026-03-10,Mumbai,auction,M F Husain,,,Untitled,Watercolour on paper,watercolor_on_paper,75.0,54.6,1960.0,True,False,Property from a collection based in Mumbai. This lot was previously auctioned by AstaGuru in 2014. Artwork originally from the collection of the late actor Shammi Kapoor,1,,0,,0,14160.0,18880.0,INR,44440.15,INR,True,False,https://assets.astaguru.com/auctions/217/ml-mar26-30l.jpg,https://www.astaguru.com/lots//auctions/results/2026/masters-legacy-217/untitled-18746
astaguru_31,0,astaguru_217,Masters Legacy,2026-03-10,Mumbai,auction,Paresh Maity,,,The Lord,Oil & acrylic on canvas,acrylic_on_canvas,119.4,119.4,2012.0,True,True,Property from a collection based in Mumbai,1,,0,,0,17700.0,23600.0,INR,37122.8,INR,True,False,https://assets.astaguru.com/auctions/217/ml-mar26-31l.jpg,https://www.astaguru.com/lots//auctions/results/2026/masters-legacy-217/the-lord-18747
astaguru_32,0,astaguru_217,Masters Legacy,2026-03-10,Mumbai,auction,Satish Gujral,,,Untitled,Acrylic on textured canvas,acrylic_other,60.5,60.5,2015.0,True,True,Property from a collection based in New Delhi Artwork originally from the collection of Dhoomimal Gallery,1,,0,,0,11800.0,17700.0,INR,43190.95,INR,True,False,https://assets.astaguru.com/auctions/217/ml-mar26-32l.jpg,https://www.astaguru.com/lots//auctions/results/2026/masters-legacy-217/untitled-18748
astaguru_33,0,astaguru_217,Masters Legacy,2026-03-10,Mumbai,auction,Gurcharan Singh,,,Untitled,Acrylic on canvas,acrylic_on_canvas,165.0,105.4,2002.0,True,True,Property from a collection based in New Delhi,1,,0,,0,16520.0,18880.0,INR,29266.18,INR,True,False,https://assets.astaguru.com/auctions/217/ml-mar26-33l.jpg,https://www.astaguru.com/lots//auctions/results/2026/masters-legacy-217/untitled-18749
astaguru_34,0,astaguru_217,Masters Legacy,2026-03-10,Mumbai,auction,G R Santosh,,,Untitled,Oil on canvas,oil_on_canvas,126.5,86.4,1968.0,True,True,Property from a collection based in Mumbai,1,,0,,0,35400.0,47200.0,INR,45689.6,INR,True,False,https://assets.astaguru.com/auctions/217/ml-mar26-34l.jpg,https://www.astaguru.com/lots//auctions/results/2026/masters-legacy-217/untitled-18750
astaguru_35,0,astaguru_217,Masters Legacy,2026-03-10,Mumbai,auction,S H Raza,,,Kundalini,Acrylic on canvas,acrylic_on_canvas,120.0,120.0,2011.0,True,True,Property from an international collection,1,,0,,0,354000.0,472000.0,INR,535567.78,INR,True,False,https://assets.astaguru.com/auctions/217/ml-mar26-35l.jpg,https://www.astaguru.com/lots//auctions/results/2026/masters-legacy-217/kundalini-18751
astaguru_36,0,astaguru_217,Masters Legacy,2026-03-10,Mumbai,auction,T Vaikuntam,,,Untitled (Ganesha) (Ed: 2/9),Patinated bronze,bronze_sculpture,38.0,34.3,,True,False,Property from a collection based in New Delhi,1,,0,,0,23600.0,29500.0,INR,34552.76,INR,True,False,https://assets.astaguru.com/auctions/217/ml-mar26-36l.jpg,https://www.astaguru.com/lots//auctions/results/2026/masters-legacy-217/untitled-ganesha-ed:-2-9-18752
astaguru_37,0,astaguru_217,Masters Legacy,2026-03-10,Mumbai,auction,Krishen Khanna,,,Untitled,Mixed media on canvas,mixed_media,89.0,61.0,,True,False,Property from a collection based in New Delhi,1,,0,,0,17700.0,23600.0,INR,21417.0,INR,True,False,https://assets.astaguru.com/auctions/217/ml-mar26-37l.jpg,https://www.astaguru.com/lots//auctions/results/2026/masters-legacy-217/untitled-18753
astaguru_38,0,astaguru_217,Masters Legacy,2026-03-10,Mumbai,auction,F N Souza,,,Untitled,Chemical alteration on paper,other,24.0,54.6,1989.0,True,True,Property from a collection based in New Delhi. Artwork originally from the collection of Dhoomimal Gallery,1,,0,,0,5900.0,9440.0,INR,43661.53,INR,True,False,https://assets.astaguru.com/auctions/217/ml-mar26-38l.jpg,https://www.astaguru.com/lots//auctions/results/2026/masters-legacy-217/untitled-18754
astaguru_39,0,astaguru_217,Masters Legacy,2026-03-10,Mumbai,auction,S H Raza,,,Bindu,Acrylic on canvas,acrylic_on_canvas,40.6,40.6,2000.0,True,True,Property from a collection based in Mumbai,1,,0,,0,35400.0,47200.0,INR,126471.74,INR,True,False,https://assets.astaguru.com/auctions/217/ml-mar26-39l.jpg,https://www.astaguru.com/lots//auctions/results/2026/masters-legacy-217/bindu-18755
astaguru_41,0,astaguru_217,Masters Legacy,2026-03-10,Mumbai,auction,Bikash Bhattacharjee,,,Morning,Oil on canvas,oil_on_canvas,113.0,113.0,1990.0,True,True,Property from a collection based in New Delhi,1,,0,,0,70800.0,94400.0,INR,103658.28,INR,True,False,https://assets.astaguru.com/auctions/217/ml-mar26-41l.jpg,https://www.astaguru.com/lots//auctions/results/2026/masters-legacy-217/morning-18757
astaguru_42,0,astaguru_217,Masters Legacy,2026-03-10,Mumbai,auction,Latika Katt,,,Fields (Unique Edition),Bronze,bronze_sculpture,80.0,15.2,2004.0,False,False,Property from a collection based in Kolkata,1,,0,,0,21240.0,33040.0,INR,37627.96,INR,True,False,https://assets.astaguru.com/auctions/217/ml-mar26-42l.jpg,https://www.astaguru.com/lots//auctions/results/2026/masters-legacy-217/fields-unique-edition-18758
astaguru_43,0,astaguru_217,Masters Legacy,2026-03-10,Mumbai,auction,F N Souza,,,Untitled,Oil on canvas,oil_on_canvas,68.6,106.7,,False,False,Property from a collection based in London. Artwork was acquired by the present owner directly from the artist,1,,0,,0,82600.0,106200.0,INR,285157.61,INR,True,False,https://assets.astaguru.com/auctions/217/ml-mar26-43l.jpg,https://www.astaguru.com/lots//auctions/results/2026/masters-legacy-217/untitled-18759
astaguru_44,0,astaguru_217,Masters Legacy,2026-03-10,Mumbai,auction,S H Raza,,,Castillon VIII,Oil on masonite board,oil_on_board,30.0,30.0,1967.0,True,True,Property from a collection based in eastern India,1,,0,,0,23600.0,35400.0,INR,54970.3,INR,True,False,https://assets.astaguru.com/auctions/217/ml-mar26-44l.jpg,https://www.astaguru.com/lots//auctions/results/2026/masters-legacy-217/castillon-viii-18760
astaguru_45,0,astaguru_217,Masters Legacy,2026-03-10,Mumbai,auction,T Vaikuntam,,,Untitled (Ed: 4/9),Patinated bronze,bronze_sculpture,62.2,66.4,,False,False,Property from a collection based in Mumbai,1,,0,,0,17700.0,23600.0,INR,23558.7,INR,True,False,https://assets.astaguru.com/auctions/217/ml-mar26-45l.jpg,https://www.astaguru.com/lots//auctions/results/2026/masters-legacy-217/untitled-ed:-4-9-18761
astaguru_46,0,astaguru_217,Masters Legacy,2026-03-10,Mumbai,auction,Prabhakar Kolte,,,Untitled,Acrylic on canvas,acrylic_on_canvas,152.4,183.0,,True,True,Property from a collection based in New Delhi,1,,0,,0,9440.0,14160.0,INR,39433.2,INR,True,False,https://assets.astaguru.com/auctions/217/ml-mar26-46l.jpg,https://www.astaguru.com/lots//auctions/results/2026/masters-legacy-217/untitled-18762
astaguru_47,0,astaguru_217,Masters Legacy,2026-03-10,Mumbai,auction,Himmat Shah,,,Untitled (Unique Edition),Basalt,other,56.0,20.3,,True,False,Property from a collection based in New Delhi,1,,0,,0,17700.0,23600.0,INR,23558.7,INR,True,False,https://assets.astaguru.com/auctions/217/ml-mar26-47l.jpg,https://www.astaguru.com/lots//auctions/results/2026/masters-legacy-217/untitled-unique-edition-18763
astaguru_48,0,astaguru_217,Masters Legacy,2026-03-10,Mumbai,auction,Krishen Khanna,,,Untitled,Oil on canvas,oil_on_canvas,76.2,50.8,1994.0,True,True,Property from a collection based in New Delhi.. Artwork originally from the collection of Dhoomimal Gallery,1,,0,,0,23600.0,35400.0,INR,72560.8,INR,True,False,https://assets.astaguru.com/auctions/217/ml-mar26-48l.jpg,https://www.astaguru.com/lots//auctions/results/2026/masters-legacy-217/untitled-18764
astaguru_49,0,astaguru_217,Masters Legacy,2026-03-10,Mumbai,auction,M F Husain,,,Untitled (Horses),Acrylic on carivas,acrylic_other,74.93,120.65,2008.0,True,True,Property from the collection of the artist's friend based in South India,1,,0,,0,295000.0,413000.0,INR,574871.55,INR,True,False,https://assets.astaguru.com/auctions/217/ml-mar26-49l.jpg,https://www.astaguru.com/lots//auctions/results/2026/masters-legacy-217/untitled-horses-18765
astaguru_50,0,astaguru_217,Masters Legacy,2026-03-10,Mumbai,auction,V S Gaitonde,,,Untitled,Ink on paper,ink_on_paper,34.3,25.4,1987.0,True,True,Property from an international collection. This lot was previously auctioned by AstaGuru in 2018,1,,0,,0,23600.0,35400.0,INR,34552.76,INR,True,False,https://assets.astaguru.com/auctions/217/ml-mar26-50l.jpg,https://www.astaguru.com/lots//auctions/results/2026/masters-legacy-217/untitled-18766
astaguru_51,0,astaguru_217,Masters Legacy,2026-03-10,Mumbai,auction,K G Subramanyan,,,Untitled,"Gouache, oil & reverse painting on acrylic sheet",gouache,120.7,120.7,,True,False,Property from a collection based in Mumbai,1,,0,,0,70800.0,94400.0,INR,144867.63,INR,True,False,https://assets.astaguru.com/auctions/217/ml-mar26-51l.jpg,https://www.astaguru.com/lots//auctions/results/2026/masters-legacy-217/untitled-18767
astaguru_52,0,astaguru_217,Masters Legacy,2026-03-10,Mumbai,auction,J Swaminathan,,,Untitled,Oil on canvas,oil_on_canvas,81.3,119.4,,False,False,Property from a collection based in New Delhi. Artwork originally from the collection of Dhoomimal Gallery,1,,0,,0,70800.0,94400.0,INR,137969.18,INR,True,False,https://assets.astaguru.com/auctions/217/ml-mar26-52l.jpg,https://www.astaguru.com/lots//auctions/results/2026/masters-legacy-217/untitled-18768
astaguru_53,0,astaguru_217,Masters Legacy,2026-03-10,Mumbai,auction,F N Souza,,,Untitled,Oil on canvas,oil_on_canvas,152.4,101.6,1989.0,True,True,Property from a collection based in New Delhi. Artwork originally from the collection of Dhoomimal Gallery,1,,0,,0,141600.0,188800.0,INR,224592.94,INR,True,False,https://assets.astaguru.com/auctions/217/ml-mar26-53l.jpg,https://www.astaguru.com/lots//auctions/results/2026/masters-legacy-217/untitled-18769
astaguru_54,0,astaguru_217,Masters Legacy,2026-03-10,Mumbai,auction,S H Raza,,,Bouge,Acrylic on board,acrylic_on_board,30.0,23.0,1978.0,True,True,Property from a collection based in Mumbai,1,,0,,0,5900.0,8260.0,INR,40736.81,INR,True,False,https://assets.astaguru.com/auctions/217/ml-mar26-54l.jpg,https://www.astaguru.com/lots//auctions/results/2026/masters-legacy-217/bouge-18770
astaguru_55,0,astaguru_217,Masters Legacy,2026-03-10,Mumbai,auction,Manjit Bawa,,,Untitled,Dry pastel & ink on paper,ink_on_paper,56.0,87.6,1991.0,False,True,Property from a collection based in New Delhi,1,,0,,0,17700.0,23600.0,INR,55550.19,INR,True,False,https://assets.astaguru.com/auctions/217/ml-mar26-55l.jpg,https://www.astaguru.com/lots//auctions/results/2026/masters-legacy-217/untitled-18771
astaguru_56,0,astaguru_217,Masters Legacy,2026-03-10,Mumbai,auction,Vidya Bhushan,,,Man & Woman,Egg tempera on paper pasted on cloth,tempera,87.6,119.4,1958.0,True,True,Property from a collection based in South India,1,,0,,0,11800.0,14160.0,INR,22994.86,INR,True,False,https://assets.astaguru.com/auctions/217/ml-mar26-56l.jpg,https://www.astaguru.com/lots//auctions/results/2026/masters-legacy-217/man-&-woman-18772
astaguru_57,0,astaguru_217,Masters Legacy,2026-03-10,Mumbai,auction,M F Husain,,,Untitled (Horse),Acrylic on canvas,acrylic_on_canvas,109.2,71.0,1990.0,True,False,Property from the collection of the artist's friend based in South India,1,,0,,0,236000.0,354000.0,INR,285560.0,INR,True,False,https://assets.astaguru.com/auctions/217/ml-mar26-57l.jpg,https://www.astaguru.com/lots//auctions/results/2026/masters-legacy-217/untitled-horse-18773
astaguru_58,0,astaguru_217,Masters Legacy,2026-03-10,Mumbai,auction,Bikash Bhattacharjee,,,Salvationist,Oil on canvas,oil_on_canvas,165.0,198.0,1997.0,True,True,Property from a collection based in North India,1,,0,,0,118000.0,177000.0,INR,209044.2,INR,True,False,https://assets.astaguru.com/auctions/217/ml-mar26-58l.jpg,https://www.astaguru.com/lots//auctions/results/2026/masters-legacy-217/salvationist-18774
astaguru_59,0,astaguru_217,Masters Legacy,2026-03-10,Mumbai,auction,Krishen Khanna,,,Untitled,Mixed media on canvas,mixed_media,162.6,119.4,,True,False,Property from a collection based in New Delhi,1,,0,,0,47200.0,70800.0,INR,111295.12,INR,True,False,https://assets.astaguru.com/auctions/217/ml-mar26-59l.jpg,https://www.astaguru.com/lots//auctions/results/2026/masters-legacy-217/untitled-18775
astaguru_60,0,astaguru_217,Masters Legacy,2026-03-10,Mumbai,auction,Shail Choyal,,,Krishna's Miracle (Triptych),Acrylic on canvas,acrylic_on_canvas,183.0,317.5,2018.0,True,True,Property from a collection based in North India,1,,0,,0,11800.0,17700.0,INR,17276.38,INR,True,False,https://assets.astaguru.com/auctions/217/ml-mar26-60l.jpg,https://www.astaguru.com/lots//auctions/results/2026/masters-legacy-217/krishnaaes-miracle-triptych-18776
astaguru_61,0,astaguru_217,Masters Legacy,2026-03-10,Mumbai,auction,Akkitham Narayanan,,,Untitled,Oil on canvas,oil_on_canvas,151.0,151.0,1981.0,True,True,Property from a collection based in Kolkata,1,,0,,0,11800.0,17700.0,INR,34552.76,INR,True,False,https://assets.astaguru.com/auctions/217/ml-mar26-61l.jpg,https://www.astaguru.com/lots//auctions/results/2026/masters-legacy-217/untitled-18777
astaguru_62,0,astaguru_217,Masters Legacy,2026-03-10,Mumbai,auction,Ram Kumar,,,Birds,Oil on canvas,oil_on_canvas,78.7,111.8,1990.0,True,True,Property from a collection based in North India. Artwork was acquired by the present owner directly from the artist,1,,0,,0,94400.0,141600.0,INR,152032.14,INR,True,False,https://assets.astaguru.com/auctions/217/ml-mar26-62l.jpg,https://www.astaguru.com/lots//auctions/results/2026/masters-legacy-217/birds-18778
astaguru_63,0,astaguru_217,Masters Legacy,2026-03-10,Mumbai,auction,S H Raza,,,Nagas,Acrylic on canvas,acrylic_on_canvas,80.0,40.0,1989.0,True,True,Property from a collection based in Mumbai. This lot was previously auctioned by AstaGuru in 2023,1,,0,,0,153400.0,177000.0,INR,361709.18,INR,True,False,https://assets.astaguru.com/auctions/217/ml-mar26-63l.jpg,https://www.astaguru.com/lots//auctions/results/2026/masters-legacy-217/nagas-18779
astaguru_64,0,astaguru_217,Masters Legacy,2026-03-10,Mumbai,auction,Nandalal Bose,,,Untitled,Watercolour on paper,watercolor_on_paper,47.0,58.0,1953.0,True,True,Property from a collection based in Mumbai. Artwork originally from the collection of Lady Ranu Mukherjee,1,,0,,0,17700.0,23600.0,INR,31356.64,INR,True,False,https://assets.astaguru.com/auctions/217/ml-mar26-64l.jpg,https://www.astaguru.com/lots//auctions/results/2026/masters-legacy-217/untitled-18780
astaguru_65,0,astaguru_217,Masters Legacy,2026-03-10,Mumbai,auction,T Vaikuntam,,,Untitled (Govardhandhari),Acrylic on canvas,acrylic_on_canvas,183.0,243.8,,True,False,Property from a collection based in New Delhi,1,,0,,0,94400.0,141600.0,INR,167235.36,INR,True,False,https://assets.astaguru.com/auctions/217/ml-mar26-65l.jpg,https://www.astaguru.com/lots//auctions/results/2026/masters-legacy-217/untitled-govardhandhari-18781
astaguru_66,0,astaguru_217,Masters Legacy,2026-03-10,Mumbai,auction,V S Gaitonde,,,Untitled,Ink on paper,ink_on_paper,36.8,26.7,1985.0,True,True,Property from an international collection. This lot was previously auctioned by AstaGuru in 2022,1,,0,,0,23600.0,35400.0,INR,28556.0,INR,True,False,https://assets.astaguru.com/auctions/217/ml-mar26-66l.jpg,https://www.astaguru.com/lots//auctions/results/2026/masters-legacy-217/untitled-18782
astaguru_67,0,astaguru_217,Masters Legacy,2026-03-10,Mumbai,auction,Krishen Khanna,,,Untitled,Mixed media on canvas,mixed_media,183.0,122.0,,True,False,Property from a collection based in New Delhi,1,,0,,0,70800.0,94400.0,INR,125426.52,INR,True,False,https://assets.astaguru.com/auctions/217/ml-mar26-67l.jpg,https://www.astaguru.com/lots//auctions/results/2026/masters-legacy-217/untitled-18783
astaguru_68,0,astaguru_217,Masters Legacy,2026-03-10,Mumbai,auction,G R Santosh,,,Untitled,Oil on canvas,oil_on_canvas,76.2,76.2,1960.0,True,False,Property from a collection based in New Delhi. This lot was previously auctioned by Bonhams in 2024,1,,0,,0,17700.0,23600.0,INR,37941.53,INR,True,False,https://assets.astaguru.com/auctions/217/ml-mar26-68l.jpg,https://www.astaguru.com/lots//auctions/results/2026/masters-legacy-217/untitled-18784
astaguru_69,0,astaguru_217,Masters Legacy,2026-03-10,Mumbai,auction,M F Husain,,,Untitled,Oil on canvas board,oil_on_canvas,50.8,76.2,1980.0,True,False,Property from a collection based in Mumbai,1,,0,,0,94400.0,141600.0,INR,207316.56,INR,True,False,https://assets.astaguru.com/auctions/217/ml-mar26-69l.jpg,https://www.astaguru.com/lots//auctions/results/2026/masters-legacy-217/untitled-18785
astaguru_40,0,astaguru_214,Historic Masterpieces,2025-12-14,Mumbai,auction,Krishen Khanna,,,The Last Supper,Oil on canvas,oil_on_canvas,182.88,121.92,,True,False,Property from a collection based in Mumbai,1,,0,,0,236000.0,354000.0,INR,1206471.91,INR,True,False,https://assets.astaguru.com/auctions/214/hm-dec25-40l.jpg,https://www.astaguru.com/lots//auctions/2025/historic-masterpieces-214/the-last-supper-18439
astaguru_70,0,astaguru_214,Historic Masterpieces,2025-12-14,Mumbai,auction,Paramjit Singh,,,Untitled,Acrylic on canvas,acrylic_on_canvas,121.92,91.44,1989.0,True,True,Property from a collection based in New Delhi,1,,0,,0,11800.0,17700.0,INR,53866.86,INR,True,False,https://assets.astaguru.com/auctions/214/hm-dec25-70l.jpg,https://www.astaguru.com/lots//auctions/2025/historic-masterpieces-214/untitled-18469
astaguru_71,0,astaguru_214,Historic Masterpieces,2025-12-14,Mumbai,auction,Bhuri Bai,,,Untitled (I Was Dreaming),Acrylic on canvas,acrylic_on_canvas,152.4,299.72,,True,False,Property from a collection based in Mumbai,1,,0,,0,8260.0,10620.0,INR,14278.0,INR,True,False,https://assets.astaguru.com/auctions/214/hm-dec25-71l.jpg,https://www.astaguru.com/lots//auctions/2025/historic-masterpieces-214/untitled-i-was-dreaming-18470
astaguru_72,0,astaguru_214,Historic Masterpieces,2025-12-14,Mumbai,auction,Krishen Khanna,,,Untitled,Oil & mixed media on canvas,mixed_media,121.92,182.88,,True,False,"Property from a collection based in 
New Delhi",2,,0,,0,17700.0,23600.0,INR,41735.68,INR,True,False,https://assets.astaguru.com/auctions/214/hm-dec25-72l.jpg,https://www.astaguru.com/lots//auctions/2025/historic-masterpieces-214/untitled-18471
astaguru_73,0,astaguru_214,Historic Masterpieces,2025-12-14,Mumbai,auction,Himmat Shah,,,Untitled,Red sandstone,stone_sculpture,55.88,45.72,,True,False,Property from a collection based in New Delhi,1,,0,,0,47200.0,70800.0,INR,62823.2,INR,True,False,https://assets.astaguru.com/auctions/214/hm-dec25-73l.jpg,https://www.astaguru.com/lots//auctions/2025/historic-masterpieces-214/untitled-18472
astaguru_74,0,astaguru_214,Historic Masterpieces,2025-12-14,Mumbai,auction,Amit Ambalal,,,Untitled,Acrylic on canvas,acrylic_on_canvas,121.92,152.4,2021.0,True,True,Property from a collection based in Ahmedabad,1,,0,,0,23600.0,35400.0,INR,28556.0,INR,True,False,https://assets.astaguru.com/auctions/214/hm-dec25-74l.jpg,https://www.astaguru.com/lots//auctions/2025/historic-masterpieces-214/untitled-18473
astaguru_75,0,astaguru_214,Historic Masterpieces,2025-12-14,Mumbai,auction,S H Raza,,,Bindu and Earth (Diptych),Acrylic on canvas,acrylic_on_canvas,54.1,22.35,1996.0,True,True,"Property from a collection based in Mumbai.
Artwork was previously auctioned by Christie’s in 2007
Originally from the collection of Grosvenor Gallery, London
Acquired by the present owner from Vadehra Art Gallery, New Delhi",4,,0,,0,23600.0,35400.0,INR,144335.48,INR,True,False,https://assets.astaguru.com/auctions/214/hm-dec25-75l.jpg,https://www.astaguru.com/lots//auctions/2025/historic-masterpieces-214/bindu-and-earth-diptych-18474
astaguru_76,0,astaguru_214,Historic Masterpieces,2025-12-14,Mumbai,auction,Paresh Maity,,,The Mystic Melody,Watercolour on paper,watercolor_on_paper,101.6,152.4,2024.0,True,True,Property from a collection based in New Delhi,1,,0,,0,23600.0,35400.0,INR,45989.72,INR,True,False,https://assets.astaguru.com/auctions/214/hm-dec25-76l.jpg,https://www.astaguru.com/lots//auctions/2025/historic-masterpieces-214/the-mystic-melody-18475
astaguru_77,0,astaguru_214,Historic Masterpieces,2025-12-14,Mumbai,auction,K H Ara,,,Untitled (Village Belle),Watercolour on paper,watercolor_on_paper,48.26,25.4,1940.0,True,False,"Property from a collection based in Mumbai,
 thence by descent",2,,0,,0,7080.0,9440.0,INR,20904.42,INR,True,False,https://assets.astaguru.com/auctions/214/hm-dec25-77l.jpg,https://www.astaguru.com/lots//auctions/2025/historic-masterpieces-214/untitled-village-belle-18476
astaguru_78,0,astaguru_214,Historic Masterpieces,2025-12-14,Mumbai,auction,N S Bendre,,,Homeward Bound,Oil on canvas,oil_on_canvas,60.96,99.06,1954.0,True,True,"Property from a collection based 
in Mumbai",2,,0,,0,236000.0,354000.0,INR,380080.36,INR,True,False,https://assets.astaguru.com/auctions/214/hm-dec25-78l.jpg,https://www.astaguru.com/lots//auctions/2025/historic-masterpieces-214/homeward-bound-18477
astaguru_79,0,astaguru_214,Historic Masterpieces,2025-12-14,Mumbai,auction,Akbar Padamsee,,,Prophet,Oil on canvas board,oil_on_canvas,73.66,53.34,2011.0,True,True,Property from a collection based in Mumbai,1,,0,,0,23600.0,35400.0,INR,55187.67,INR,True,False,https://assets.astaguru.com/auctions/214/hm-dec25-79l.jpg,https://www.astaguru.com/lots//auctions/2025/historic-masterpieces-214/prophet-18478
astaguru_80,0,astaguru_214,Historic Masterpieces,2025-12-14,Mumbai,auction,Krishen Khanna,,,Untitled (Benediction),Mixed media on canvas,mixed_media,119.38,139.7,,True,False,Property from a collection based in New Delhi,1,,0,,0,70800.0,94400.0,INR,151766.09,INR,True,False,https://assets.astaguru.com/auctions/214/hm-dec25-80l.jpg,https://www.astaguru.com/lots//auctions/2025/historic-masterpieces-214/untitled-benediction-18479
astaguru_81,0,astaguru_214,Historic Masterpieces,2025-12-14,Mumbai,auction,K G Subramanyan,,,Untitled,Variable Medium,other,,,,True,False,Property from the estate of artist K G Subramanyan,1,,0,,0,11800.0,17700.0,INR,44810.49,INR,True,False,https://assets.astaguru.com/auctions/214/hm-dec25-81l.jpg,https://www.astaguru.com/lots//auctions/2025/historic-masterpieces-214/untitled-18480
astaguru_82,0,astaguru_214,Historic Masterpieces,2025-12-14,Mumbai,auction,Krishen Khanna,,,Untitled (Bandwalla),Mixed media on paper,mixed_media,76.2,55.88,,True,False,Property from a collection based in New Delhi,1,,0,,0,8260.0,10620.0,INR,31367.33,INR,True,False,https://assets.astaguru.com/auctions/214/hm-dec25-82l.jpg,https://www.astaguru.com/lots//auctions/2025/historic-masterpieces-214/untitled-bandwalla-18481
astaguru_83,0,astaguru_214,Historic Masterpieces,2025-12-14,Mumbai,auction,J Swaminathan,,,Untitled,Oil on canvas,oil_on_canvas,116.84,162.56,1993.0,True,True,"Property from a collection based in Mumbai, thence by descent. Artwork was originally sold by Vadehra Art Gallery",1,,0,,0,354000.0,472000.0,INR,1052363.71,INR,True,False,https://assets.astaguru.com/auctions/214/hm-dec25-n83l.jpeg,https://www.astaguru.com/lots//auctions/2025/historic-masterpieces-214/untitled-18482
astaguru_84,0,astaguru_214,Historic Masterpieces,2025-12-14,Mumbai,auction,M F Husain,,,Intellectual,Watercolour & mixed media on paper,watercolor,48.26,35.56,1981.0,True,True,Property from a collection based in New Delhi,1,,0,,0,14160.0,18880.0,INR,40400.13,INR,True,False,https://assets.astaguru.com/auctions/214/hm-dec25-84l.jpg,https://www.astaguru.com/lots//auctions/2025/historic-masterpieces-214/intellectual-18483
astaguru_85,0,astaguru_214,Historic Masterpieces,2025-12-14,Mumbai,auction,Sakti Burman,,,Untitled (Stories in the Stories),Mixed media on canvas,mixed_media,129.54,96.52,2007.0,True,False,Property from a collection based in Mumbai,1,,0,,0,70800.0,94400.0,INR,166942.71,INR,True,False,https://assets.astaguru.com/auctions/214/hm-dec25-85l.jpg,https://www.astaguru.com/lots//auctions/2025/historic-masterpieces-214/untitled-stories-in-the-stories-18484
astaguru_86,0,astaguru_214,Historic Masterpieces,2025-12-14,Mumbai,auction,Anjolie Ela Menon,,,Untitled,Oil on Masonite board,oil_on_board,91.44,60.96,2012.0,True,True,Property from a collection based in New Delhi,1,,0,,0,35400.0,47200.0,INR,141400.46,INR,True,False,https://assets.astaguru.com/auctions/214/hm-dec25-86l.jpg,https://www.astaguru.com/lots//auctions/2025/historic-masterpieces-214/untitled-18485
astaguru_87,0,astaguru_214,Historic Masterpieces,2025-12-14,Mumbai,auction,Jehangir Sabavala,,,Conspirators,Oil on canvas,oil_on_canvas,152.4,65.28,1996.0,True,True,Property from a collection based in Mumbai,1,,0,,0,472000.0,708000.0,INR,1433396.43,INR,True,False,https://assets.astaguru.com/auctions/214/hm-dec25-87l.jpg,https://www.astaguru.com/lots//auctions/2025/historic-masterpieces-214/conspirators-18486
astaguru_88,0,astaguru_208,Iconic Masters,2025-07-29,Mumbai,auction,Prabhakar Kolte,,,Untitled,Acrylic on canvas,acrylic_on_canvas,152.4,182.88,2014.0,True,True,Property from a collection based in New Delhi,1,,0,,0,11800.0,14160.0,INR,14278.0,INR,True,False,https://assets.astaguru.com/ionic-master-jul-25-88l.jpeg,https://www.astaguru.com/lots//auctions/2025/iconic-masters-208/untitled-17782
astaguru_89,0,astaguru_208,Iconic Masters,2025-07-29,Mumbai,auction,Krishen Khanna,,,Shyam Pratap Bhompu Wale,Resinated fibreglass with automotive paint,other,152.4,104.14,,False,False,Property from the collection of Krishen Khanna,1,,0,,0,47200.0,70800.0,INR,101177.39,INR,True,False,https://assets.astaguru.com/ionic-master-jul-25-89l.jpeg,https://www.astaguru.com/lots//auctions/2025/iconic-masters-208/shyam-pratap-bhompu-wale-17783
astaguru_90,0,astaguru_208,Iconic Masters,2025-07-29,Mumbai,auction,T Vaikuntam,,,Untitled,Acrylic on canvas,acrylic_on_canvas,91.44,60.96,2018.0,True,True,Property from a collection based in New Delhi,1,,0,,0,5900.0,8260.0,INR,24645.8,INR,True,False,https://assets.astaguru.com/ionic-master-jul-25-90l.jpeg,https://www.astaguru.com/lots//auctions/2025/iconic-masters-208/untitled-17784
astaguru_91,0,astaguru_198,Dimensions Defined,2025-02-19,Mumbai,auction,Paritosh Sen,,,Portrait Of An Animal,Oil on canvas,oil_on_canvas,152.4,152.4,1967.0,True,True,Property from a collection based in Mumbai,1,,0,,0,14160.0,18880.0,INR,,,False,False,https://assets.astaguru.com/dimensions-feb25-91l.jpeg,https://www.astaguru.com/lots//auctions/2025/Dimensions-Defined-198/portrait-of-an-animal-16887
astaguru_92,0,astaguru_198,Dimensions Defined,2025-02-19,Mumbai,auction,K H Ara,,,Untitled (Flowers - X),Watercolour on paper,watercolor_on_paper,76.2,52.83,,True,False,Property from a collection based in Mumbai,1,,0,,0,9440.0,11800.0,INR,,,False,False,https://assets.astaguru.com/dimensions-feb25-92l.jpeg,https://www.astaguru.com/lots//auctions/2025/Dimensions-Defined-198/untitled-(flowers---x)-16888
astaguru_93,0,astaguru_198,Dimensions Defined,2025-02-19,Mumbai,auction,Ganesh Pyne,,,Untitled (Abstract),Pen and ink on paper laid on card,ink_on_paper,17.27,22.86,1979.0,True,True,Property from a collection based in Mumbai,1,,0,,0,8260.0,10620.0,INR,,,False,False,https://assets.astaguru.com/dimensions-feb25-93l.jpeg,https://www.astaguru.com/lots//auctions/2025/Dimensions-Defined-198/untitled-(abstract)-16889
astaguru_94,0,astaguru_198,Dimensions Defined,2025-02-19,Mumbai,auction,Krishen Khanna,,,Untitled (Pieta) (Ed: 2-9),Bronze,bronze_sculpture,50.8,39.37,,True,False,Property from a collection based in New Delhi,1,,0,,0,14160.0,18880.0,INR,,,False,False,https://assets.astaguru.com/dimensions-feb25-94l.jpeg,https://www.astaguru.com/lots//auctions/2025/Dimensions-Defined-198/untitled-(pieta)-(ed:-2-9)-16890
astaguru_95,0,astaguru_198,Dimensions Defined,2025-02-19,Mumbai,auction,Piraji Sagara,,,Untitled,Oil on canvas,oil_on_canvas,73.66,93.98,1980.0,True,True,Property from a collection based in New Delhi,1,,0,,0,5900.0,8260.0,INR,,,False,False,https://assets.astaguru.com/dimensions-feb25-95l.jpeg,https://www.astaguru.com/lots//auctions/2025/Dimensions-Defined-198/untitled-16891
astaguru_96,0,astaguru_198,Dimensions Defined,2025-02-19,Mumbai,auction,T Vaikuntam,,,Untitled,Acrylic on canvas board,acrylic_on_canvas,59.44,39.37,2007.0,True,True,Property from a collection based in Mumbai,1,,0,,0,5900.0,8260.0,INR,,,False,False,https://assets.astaguru.com/dimensions-feb25-96l.jpeg,https://www.astaguru.com/lots//auctions/2025/Dimensions-Defined-198/untitled-16892
astaguru_97,0,astaguru_198,Dimensions Defined,2025-02-19,Mumbai,auction,S H Raza,,,Paysage,Acrylic on Tin,acrylic_other,64.77,49.53,1971.0,True,True,Property from a collection based in Ahmedabad,1,,0,,0,35400.0,47200.0,INR,,,False,False,https://assets.astaguru.com/dimensions-feb25-97l.jpeg,https://www.astaguru.com/lots//auctions/2025/Dimensions-Defined-198/paysage-16893
astaguru_98,0,astaguru_198,Dimensions Defined,2025-02-19,Mumbai,auction,Krishen Khanna,,,Untitled,Acrylic on fibreglass,acrylic_other,79.76,66.04,,True,False,Property from a collection based in New Delhi,1,,0,,0,7080.0,9440.0,INR,,,False,False,https://assets.astaguru.com/dimensions-feb25-98l.jpeg,https://www.astaguru.com/lots//auctions/2025/Dimensions-Defined-198/untitled-16894
astaguru_99,0,astaguru_198,Dimensions Defined,2025-02-19,Mumbai,auction,Paramjit Singh,,,Ranakpur,Oil on canvas,oil_on_canvas,101.6,101.6,2013.0,True,True,Property from a collection based in Mumbai,1,,0,,0,11800.0,17700.0,INR,,,False,False,https://assets.astaguru.com/dimensions-feb25-99l.jpeg,https://www.astaguru.com/lots//auctions/2025/Dimensions-Defined-198/ranakpur-16895
astaguru_100,0,astaguru_198,Dimensions Defined,2025-02-19,Mumbai,auction,J Swaminathan,,,Bird Tree Mountain,Oil on canvas,oil_on_canvas,111.76,81.28,1980.0,True,False,Property from a collection based in New Delhi,1,,0,,0,177000.0,295000.0,INR,,,False,False,https://assets.astaguru.com/dimensions-feb25-100l.jpeg,https://www.astaguru.com/lots//auctions/2025/Dimensions-Defined-198/bird-tree-mountain-16896
astaguru_101,0,astaguru_198,Dimensions Defined,2025-02-19,Mumbai,auction,F N Souza,,,Untitled (Still-Life),Oil on canvas laid on board,oil_on_canvas,63.5,54.61,1992.0,True,True,Property from a collection based in New Delhi,1,,0,,0,29500.0,41300.0,INR,,,False,False,https://assets.astaguru.com/dimensions-feb25-101l.jpeg,https://www.astaguru.com/lots//auctions/2025/Dimensions-Defined-198/untitled-(still-life)-16897
astaguru_102,0,astaguru_198,Dimensions Defined,2025-02-19,Mumbai,auction,Vinod Sharma,,,Untitled,Oil on canvas,oil_on_canvas,121.92,152.4,2023.0,True,True,Property from a collection based in Mumbai,1,,0,,0,7080.0,9440.0,INR,,,False,False,https://assets.astaguru.com/dimensions-feb25-102l.jpeg,https://www.astaguru.com/lots//auctions/2025/Dimensions-Defined-198/untitled-16898
astaguru_103,0,astaguru_198,Dimensions Defined,2025-02-19,Mumbai,auction,Jogen Chowdhury,,,Wounded,Mixed media on paper,mixed_media,55.37,68.58,2004.0,True,True,Property from a collection based in Mumbai,1,,0,,0,5900.0,8260.0,INR,,,False,False,https://assets.astaguru.com/dimensions-feb25-103l.jpeg,https://www.astaguru.com/lots//auctions/2025/Dimensions-Defined-198/wounded-16899
astaguru_104,0,astaguru_198,Dimensions Defined,2025-02-19,Mumbai,auction,T Vaikuntam,,,Untitled,Acrylic on canvas,acrylic_on_canvas,121.92,91.44,2016.0,True,True,Property from a collection based in New Delhi,1,,0,,0,18880.0,23600.0,INR,,,False,False,https://assets.astaguru.com/dimensions-feb25-104l.jpeg,https://www.astaguru.com/lots//auctions/2025/Dimensions-Defined-198/untitled-16900
astaguru_105,0,astaguru_191,Historic Masterpieces,2024-12-14,Mumbai,auction,Sital Chandra Bandyopadhyay,,,Untitled,Oil on canvas,oil_on_canvas,76.2,50.8,1932.0,True,True,Property from a collection based in Kolkata,1,,0,,0,12000.0,18000.0,INR,,,False,False,https://assets.astaguru.com/HM-dec24-105l.jpeg,https://www.astaguru.com/lots//auctions/2024/historic-masterpieces-191/Untitled-16388
astaguru_106,0,astaguru_191,Historic Masterpieces,2024-12-14,Mumbai,auction,Shanti Dave,,,Untitled,Oil on canvas,oil_on_canvas,85.09,69.85,1980.0,False,False,Property from a collection based in New Delhi,1,,0,,0,6000.0,8400.0,INR,,,False,False,https://assets.astaguru.com/HM-dec24-106l.jpeg,https://www.astaguru.com/lots//auctions/2024/historic-masterpieces-191/Untitled-16389
astaguru_107,0,astaguru_191,Historic Masterpieces,2024-12-14,Mumbai,auction,Lalu Prasad Shaw,,,Untitled,Tempera on paper,tempera,46.99,30.48,,True,True,Property from a collection based in Kolkata,1,,0,,0,6000.0,8400.0,INR,,,False,False,https://assets.astaguru.com/HM-dec24-107l.jpeg,https://www.astaguru.com/lots//auctions/2024/historic-masterpieces-191/Untitled-16390
astaguru_108,0,astaguru_191,Historic Masterpieces,2024-12-14,Mumbai,auction,Manu Parekh,,,Festival Near River,Acrylic and oil on canvas,oil_on_canvas,91.44,121.92,2004.0,True,True,Property from a collection based in New Delhi,1,,0,,0,7200.0,9600.0,INR,,,False,False,https://assets.astaguru.com/HM-dec24-108l.jpeg,https://www.astaguru.com/lots//auctions/2024/historic-masterpieces-191/Festival Near River-16391
astaguru_109,0,astaguru_191,Historic Masterpieces,2024-12-14,Mumbai,auction,Ram Kumar,,,Untitled,Acrylic on paper,acrylic_on_paper,55.88,73.66,1991.0,True,True,Property from an international collection,1,,0,,0,6000.0,8400.0,INR,,,False,False,https://assets.astaguru.com/HM-dec24-109l.jpeg,https://www.astaguru.com/lots//auctions/2024/historic-masterpieces-191/Untitled-16392
astaguru_110,0,astaguru_191,Historic Masterpieces,2024-12-14,Mumbai,auction,Jayasri Burman,,,Untitled (Bombay Cityscape),Watercolour and graphite on paper,watercolor,124.46,63.5,2016.0,True,True,Property from a collection based in New Delhi,1,,0,,0,6000.0,8400.0,INR,,,False,False,https://assets.astaguru.com/HM-dec24-110l.jpeg,https://www.astaguru.com/lots//auctions/2024/historic-masterpieces-191/Untitled (Bombay Cityscape)-16393
astaguru_111,0,astaguru_191,Historic Masterpieces,2024-12-14,Mumbai,auction,B Prabha,,,Untitled,Oil on canvas,oil_on_canvas,121.92,152.4,1983.0,True,True,Property from an international collection,1,,0,,0,30000.0,42000.0,INR,,,False,False,https://assets.astaguru.com/HM-dec24-111l.jpeg,https://www.astaguru.com/lots//auctions/2024/historic-masterpieces-191/Untitled-16394
astaguru_112,0,astaguru_191,Historic Masterpieces,2024-12-14,Mumbai,auction,T Vaikuntam,,,Untitled (Edition Of 9),Patinated Bronze,bronze_sculpture,19.05,15.24,,True,False,Property from an international collection,1,,0,,0,9600.0,14400.0,INR,,,False,False,https://assets.astaguru.com/HM-dec24-112l.jpeg,https://www.astaguru.com/lots//auctions/2024/historic-masterpieces-191/Untitled (Edition Of 9)-16395
astaguru_113,0,astaguru_191,Historic Masterpieces,2024-12-14,Mumbai,auction,J Sultan Ali,,,Untitled,Oil on canvas,oil_on_canvas,76.2,106.68,1963.0,True,True,Property from a collection based in Mumbai,1,,0,,0,6000.0,8400.0,INR,,,False,False,https://assets.astaguru.com/HM-dec24-113l.jpeg,https://www.astaguru.com/lots//auctions/2024/historic-masterpieces-191/Untitled-16396
astaguru_114,0,astaguru_191,Historic Masterpieces,2024-12-14,Mumbai,auction,Sakti Burman,,,Untitled (Meite),Oil on canvas,oil_on_canvas,97.79,72.14,1950.0,True,False,Property from a collection based in Mumbai,1,,0,,0,36000.0,48000.0,INR,,,False,False,https://assets.astaguru.com/HM-dec24-114l.jpeg,https://www.astaguru.com/lots//auctions/2024/historic-masterpieces-191/Untitled (Meite)-16397
astaguru_115,0,astaguru_191,Historic Masterpieces,2024-12-14,Mumbai,auction,H A Gade,,,Evening At Jhelum,Watercolour on paper,watercolor_on_paper,54.1,44.7,1950.0,True,False,Property from a collection based in New Delhi,1,,0,,0,6000.0,8400.0,INR,,,False,False,https://assets.astaguru.com/HM-dec24-115l.jpeg,https://www.astaguru.com/lots//auctions/2024/historic-masterpieces-191/Evening At Jhelum-16398
astaguru_116,0,astaguru_191,Historic Masterpieces,2024-12-14,Mumbai,auction,Prabhakar Kolte,,,Untitled,Acrylic on canvas,acrylic_on_canvas,121.16,182.12,1998.0,True,True,Property from a collection based in New Delhi,1,,0,,0,7200.0,8400.0,INR,,,False,False,https://assets.astaguru.com/HM-dec24-116l.jpeg,https://www.astaguru.com/lots//auctions/2024/historic-masterpieces-191/Untitled-16399
astaguru_117,0,astaguru_191,Historic Masterpieces,2024-12-14,Mumbai,auction,M F Husain,,,Summer,Acrylic on canvas,acrylic_on_canvas,154.94,96.52,,True,False,Property from a collection based in Mumbai,1,,0,,0,180000.0,240000.0,INR,,,False,False,https://assets.astaguru.com/HM-dec24-117l.jpeg,https://www.astaguru.com/lots//auctions/2024/historic-masterpieces-191/Summer-16400
astaguru_118,0,astaguru_191,Historic Masterpieces,2024-12-14,Mumbai,auction,Manu Parekh,,,Benares Graffity III,Mixed media on canvas,mixed_media,91.44,121.92,1997.0,True,True,Property from a collection based in New Delhi,1,,0,,0,6000.0,8400.0,INR,,,False,False,https://assets.astaguru.com/HM-dec24-118l.jpeg,https://www.astaguru.com/lots//auctions/2024/historic-masterpieces-191/Benares Graffity III-16401
astaguru_119,0,astaguru_191,Historic Masterpieces,2024-12-14,Mumbai,auction,T Vaikuntam,,,Untitled,Acrylic on canvas,acrylic_on_canvas,96.52,96.52,,True,False,Property from an international collection,1,,0,,0,18000.0,24000.0,INR,,,False,False,https://assets.astaguru.com/HM-dec24-119l.jpeg,https://www.astaguru.com/lots//auctions/2024/historic-masterpieces-191/Untitled-16402
astaguru_120,0,astaguru_191,Historic Masterpieces,2024-12-14,Mumbai,auction,Ram Kumar,,,Untitled,Oil on canvas,oil_on_canvas,125.73,113.03,1971.0,True,True,Property from an international collection,1,,0,,0,96000.0,144000.0,INR,,,False,False,https://assets.astaguru.com/HM-dec24-120l.jpeg,https://www.astaguru.com/lots//auctions/2024/historic-masterpieces-191/Untitled-16403
astaguru_121,0,astaguru_191,Historic Masterpieces,2024-12-14,Mumbai,auction,C D Mistry,,,Sita Swayamvar,Oil on canvas,oil_on_canvas,91.44,76.2,2012.0,True,True,Property from a collection based in Ahmedabad,1,,0,,0,6000.0,8400.0,INR,,,False,False,https://assets.astaguru.com/HM-dec24-121l.jpeg,https://www.astaguru.com/lots//auctions/2024/historic-masterpieces-191/Sita Swayamvar-16404
astaguru_122,0,astaguru_191,Historic Masterpieces,2024-12-14,Mumbai,auction,Himmat Shah,,,Untitled (Ed: 1-5),Bronze,bronze_sculpture,91.44,104.14,,True,False,Property from a collection based in New Delhi,1,,0,,0,72000.0,84000.0,INR,,,False,False,https://assets.astaguru.com/HM-dec24-122l.jpeg,https://www.astaguru.com/lots//auctions/2024/historic-masterpieces-191/Untitled (Ed: 1-5)-16405
astaguru_123,0,astaguru_191,Historic Masterpieces,2024-12-14,Mumbai,auction,Avinash Chandra,,,Untitled,Acrylic on canvas,acrylic_on_canvas,101.6,228.6,1973.0,True,True,Property from a collection based in New Delhi. The artwork was previously auctioned by Christie’s,1,,0,,0,12000.0,18000.0,INR,,,False,False,https://assets.astaguru.com/HM-dec24-123l.jpeg,https://www.astaguru.com/lots//auctions/2024/historic-masterpieces-191/Untitled-16406
astaguru_124,0,astaguru_191,Historic Masterpieces,2024-12-14,Mumbai,auction,Sadanand Bakre,,,Ship Yard At Thames,Oil on canvas,oil_on_canvas,34.29,43.18,1963.0,True,True,Property from a collection based in Mumbai,1,,0,,0,7200.0,9600.0,INR,,,False,False,https://assets.astaguru.com/HM-dec24-124l.jpeg,https://www.astaguru.com/lots//auctions/2024/historic-masterpieces-191/Ship Yard At Thames-16407
astaguru_125,0,astaguru_191,Historic Masterpieces,2024-12-14,Mumbai,auction,Satish Gujral,,,Untitled,Mixed media on textured canvas,mixed_media,91.44,91.44,,True,False,Property from a collection based in Mumbai,1,,0,,0,36000.0,48000.0,INR,,,False,False,https://assets.astaguru.com/HM-dec24-125l.jpeg,https://www.astaguru.com/lots//auctions/2024/historic-masterpieces-191/Untitled-16408
astaguru_126,0,astaguru_191,Historic Masterpieces,2024-12-14,Mumbai,auction,Gurcharan Singh,,,Intimate Connection - 2,Acrylic on canvas,acrylic_on_canvas,91.44,60.96,,True,False,Property from a collection based in Mumbai,1,,0,,0,6000.0,8400.0,INR,,,False,False,https://assets.astaguru.com/HM-dec24-126l.jpeg,https://www.astaguru.com/lots//auctions/2024/historic-masterpieces-191/Intimate Connection - 2-16409
astaguru_127,0,astaguru_191,Historic Masterpieces,2024-12-14,Mumbai,auction,M F Husain,,,Untitled,Acrylic on paper,acrylic_on_paper,76.2,55.88,1995.0,True,True,Property from a collection based in New Delhi,1,,0,,0,9600.0,14400.0,INR,,,False,False,https://assets.astaguru.com/HM-dec24-127l.jpeg,https://www.astaguru.com/lots//auctions/2024/historic-masterpieces-191/Untitled-16410
astaguru_128,0,astaguru_191,Historic Masterpieces,2024-12-14,Mumbai,auction,K H Ara,,,Untitled,Oil on canvas,oil_on_canvas,119.38,88.9,1970.0,True,False,Property from a collection based in Mumbai. Artwork was acquired by the present owner directly from the artist,1,,0,,0,48000.0,60000.0,INR,,,False,False,https://assets.astaguru.com/HM-dec24-128l.jpeg,https://www.astaguru.com/lots//auctions/2024/historic-masterpieces-191/Untitled-16411
astaguru_129,0,astaguru_191,Historic Masterpieces,2024-12-14,Mumbai,auction,Paresh Maity,,,Untitled (A Melody),Watercolour on paper,watercolor_on_paper,101.6,96.52,2007.0,True,True,Property from a collection based in New Delhi,1,,0,,0,12000.0,18000.0,INR,,,False,False,https://assets.astaguru.com/HM-dec24-129l.jpeg,https://www.astaguru.com/lots//auctions/2024/historic-masterpieces-191/Untitled (A Melody)-16412
astaguru_130,0,astaguru_191,Historic Masterpieces,2024-12-14,Mumbai,auction,Krishen Khanna,,,Untitled (Ed: 1-9),Patinated Bronze,bronze_sculpture,32.0,4.32,,True,False,Property from a collection based in New Delhi,1,,0,,0,7200.0,9600.0,INR,,,False,False,https://assets.astaguru.com/HM-dec24-130l.jpeg,https://www.astaguru.com/lots//auctions/2024/historic-masterpieces-191/Untitled (Ed: 1-9)-16413
astaguru_131,0,astaguru_191,Historic Masterpieces,2024-12-14,Mumbai,auction,Jehangir Sabavala,,,Untitled,Oil on canvas,oil_on_canvas,76.2,152.4,1998.0,True,True,Property from an international collection,1,,0,,0,300000.0,420000.0,INR,,,False,False,https://assets.astaguru.com/HM-dec24-131l.jpeg,https://www.astaguru.com/lots//auctions/2024/historic-masterpieces-191/Untitled-16414
astaguru_132,0,astaguru_183,Iconic Masters,2024-11-07,Mumbai,auction,Krishen Khanna,,,The General Makes A Point,Acrylic and charcoal on canvas,acrylic_other,121.92,91.44,,True,False,Property from a collection based in Mumbai,1,,0,,0,24000.0,36000.0,INR,,,False,False,https://assets.astaguru.com/iconic-nov24-132l.jpeg,https://www.astaguru.com/lots//auctions/2024/iconic-masters-183/The General Makes A Point-16147
astaguru_133,0,astaguru_183,Iconic Masters,2024-11-07,Mumbai,auction,A A Raiba,,,Loss Of The Cosmos,Charcoal on paper pasted on board,charcoal_on_paper,142.24,91.44,1964.0,True,True,Property from a collection based in New Delhi,1,,0,,0,6000.0,8400.0,INR,,,False,False,https://assets.astaguru.com/iconic-nov24-133l.jpeg,https://www.astaguru.com/lots//auctions/2024/iconic-masters-183/Loss Of The Cosmos-16148
astaguru_134,0,astaguru_183,Iconic Masters,2024-11-07,Mumbai,auction,Sanjay Bhattacharya,,,Untitled,Oil on canvas,oil_on_canvas,106.68,149.86,2017.0,True,True,Property from a collection based in New Delhi,1,,0,,0,6000.0,8400.0,INR,,,False,False,https://assets.astaguru.com/iconic-nov24-134l.jpeg,https://www.astaguru.com/lots//auctions/2024/iconic-masters-183/Untitled-16149
astaguru_136,0,astaguru_183,Iconic Masters,2024-11-07,Mumbai,auction,Paramjit Singh,,,The Path,Oil on canvas,oil_on_canvas,78.74,99.06,1987.0,True,True,Property from a collection based in New Delhi,1,,0,,0,6000.0,7200.0,INR,,,False,False,https://assets.astaguru.com/iconic-nov24-136l.jpeg,https://www.astaguru.com/lots//auctions/2024/iconic-masters-183/The Path-16151
astaguru_138,0,astaguru_183,Iconic Masters,2024-11-07,Mumbai,auction,M F Husain,,,Untitled,Acrylic on wood,wood_sculpture,243.84,1.27,,True,False,"Property from a collection based in Mumbai. Artwork was acquired by the present owner directly from the artist, thence by descent",1,,0,,0,24000.0,36000.0,INR,,,False,False,https://assets.astaguru.com/iconic-nov24-138l.jpeg,https://www.astaguru.com/lots//auctions/2024/iconic-masters-183/Untitled-16153
astaguru_139,0,astaguru_183,Iconic Masters,2024-11-07,Mumbai,auction,Ram Kumar,,,Untitled (Ed: 2-9),Bronze,bronze_sculpture,15.24,16.51,2015.0,True,False,Property from a collection based in Mumbai,1,,0,,0,12000.0,18000.0,INR,,,False,False,https://assets.astaguru.com/iconic-nov24-139l.jpeg,https://www.astaguru.com/lots//auctions/2024/iconic-masters-183/Untitled (Ed: 2-9)-16154
astaguru_140,0,astaguru_183,Iconic Masters,2024-11-07,Mumbai,auction,M F Husain,,,Untitled,Watercolour and pen on paper,watercolor,53.34,35.56,1989.0,True,True,Property from a collection based in Chennai,1,,0,,0,9600.0,14400.0,INR,,,False,False,https://assets.astaguru.com/iconic-nov24-140l.jpeg,https://www.astaguru.com/lots//auctions/2024/iconic-masters-183/Untitled-16155
astaguru_141,0,astaguru_183,Iconic Masters,2024-11-07,Mumbai,auction,Himmat Shah,,,Untitled (Ed: 5-5),Bronze with gold leaf,bronze_sculpture,29.97,35.05,,True,False,Property from a collection based in New Delhi,1,,0,,0,24000.0,36000.0,INR,,,False,False,https://assets.astaguru.com/iconic-nov24-141l.jpeg,https://www.astaguru.com/lots//auctions/2024/iconic-masters-183/Untitled (Ed: 5-5)-16156
astaguru_142,0,astaguru_183,Iconic Masters,2024-11-07,Mumbai,auction,Ganesh Haloi,,,Untitled,Watercolour on paper,watercolor_on_paper,50.8,38.1,2018.0,True,True,Property from a collection based in Kolkata,1,,0,,0,6000.0,8400.0,INR,,,False,False,https://assets.astaguru.com/iconic-nov24-142l.jpeg,https://www.astaguru.com/lots//auctions/2024/iconic-masters-183/Untitled-16157
astaguru_143,0,astaguru_183,Iconic Masters,2024-11-07,Mumbai,auction,Krishen Khanna,,,Untitled (Ed: 2-9),Patinated Bronze,bronze_sculpture,40.64,63.5,,True,False,Property from an international collection,1,,0,,0,9600.0,14400.0,INR,,,False,False,https://assets.astaguru.com/iconic-nov24-143l.jpeg,https://www.astaguru.com/lots//auctions/2024/iconic-masters-183/Untitled (Ed: 2-9)-16159
astaguru_144,0,astaguru_183,Iconic Masters,2024-11-07,Mumbai,auction,Jogen Chowdhury,,,Bhupen Never Loved Woman,Oil on canvas,oil_on_canvas,60.45,90.17,2013.0,True,True,Property from a collection based in Kolkata,1,,0,,0,12000.0,18000.0,INR,,,False,False,https://assets.astaguru.com/iconic-nov24-144l.jpeg,https://www.astaguru.com/lots//auctions/2024/iconic-masters-183/Bhupen Never Loved Woman-16160
astaguru_145,0,astaguru_183,Iconic Masters,2024-11-07,Mumbai,auction,Jeram Patel,,,Untitled,Acrylic on canvas,acrylic_on_canvas,58.42,80.01,1986.0,True,True,Property from a collection based in Mumbai,1,,0,,0,6000.0,8400.0,INR,,,False,False,https://assets.astaguru.com/iconic-nov24-145l.jpeg,https://www.astaguru.com/lots//auctions/2024/iconic-masters-183/Untitled-16161
astaguru_146,0,astaguru_183,Iconic Masters,2024-11-07,Mumbai,auction,T Vaikuntam,,,Untitled (Ganesha) Ed: 7-9,Patinated Bronze,bronze_sculpture,27.94,31.75,,True,False,Property from a collection based in New Delhi,1,,0,,0,9600.0,14400.0,INR,,,False,False,https://assets.astaguru.com/iconic-nov24-146l.jpeg,https://www.astaguru.com/lots//auctions/2024/iconic-masters-183/Untitled (Ganesha) Ed: 7-9-16162
astaguru_147,0,astaguru_183,Iconic Masters,2024-11-07,Mumbai,auction,M F Husain,,,Untitled,Acrylic on fabric,acrylic_other,165.86,111.76,,True,False,Property from a collection based in Mumbai,1,,0,,0,36000.0,48000.0,INR,,,False,False,https://assets.astaguru.com/iconic-nov24-147l.jpeg,https://www.astaguru.com/lots//auctions/2024/iconic-masters-183/Untitled-16163
astaguru_148,0,astaguru_183,Iconic Masters,2024-11-07,Mumbai,auction,Maite Delteil,,,Untitled,Oil on canvas,oil_on_canvas,,,1965.0,True,False,Property from a collection based in New Delhi,1,,0,,0,12000.0,18000.0,INR,,,False,False,https://assets.astaguru.com/iconic-nov24-148l.jpeg,https://www.astaguru.com/lots//auctions/2024/iconic-masters-183/Untitled-16164
astaguru_149,0,astaguru_183,Iconic Masters,2024-11-07,Mumbai,auction,Arup Das,,,Untitled,Oil on canvas,oil_on_canvas,76.2,91.44,,True,False,Property from a collection based in Mumbai,1,,0,,0,6000.0,8400.0,INR,,,False,False,https://assets.astaguru.com/iconic-nov24-149l.jpeg,https://www.astaguru.com/lots//auctions/2024/iconic-masters-183/Untitled-16165
astaguru_150,0,astaguru_183,Iconic Masters,2024-11-07,Mumbai,auction,Niren Sengupta,,,Saranagata II,Oil on canvas,oil_on_canvas,151.13,181.61,2010.0,True,True,Property from a collection based in New Delhi,1,,0,,0,12000.0,18000.0,INR,,,False,False,https://assets.astaguru.com/iconic-nov24-150l.jpeg,https://www.astaguru.com/lots//auctions/2024/iconic-masters-183/Saranagata II-16166
astaguru_151,0,astaguru_183,Iconic Masters,2024-11-07,Mumbai,auction,Ram Kumar,,,Untitled,Ink on paper,ink_on_paper,54.61,69.85,1968.0,True,True,Property from an international collection,1,,0,,0,6000.0,8400.0,INR,,,False,False,https://assets.astaguru.com/iconic-nov24-151l.jpeg,https://www.astaguru.com/lots//auctions/2024/iconic-masters-183/Untitled-16167
astaguru_152,0,astaguru_183,Iconic Masters,2024-11-07,Mumbai,auction,T Vaikuntam,,,Untitled,Acrylic on canvas,acrylic_on_canvas,83.82,72.39,,True,False,Property from a collection based in New Delhi,1,,0,,0,12000.0,18000.0,INR,,,False,False,https://assets.astaguru.com/iconic-nov24-152l.jpeg,https://www.astaguru.com/lots//auctions/2024/iconic-masters-183/Untitled-16168
astaguru_153,0,astaguru_183,Iconic Masters,2024-11-07,Mumbai,auction,Krishen Khanna,,,Untitled,Acrylic and charcoal on canvas,acrylic_other,180.34,121.92,,True,False,: Property from an international collection,1,,0,,0,24000.0,36000.0,INR,,,False,False,https://assets.astaguru.com/iconic-nov24-153l.jpeg,https://www.astaguru.com/lots//auctions/2024/iconic-masters-183/Untitled-16169
astaguru_154,0,astaguru_183,Iconic Masters,2024-11-07,Mumbai,auction,Ram Kumar,,,Untitled,Acrylic on paper,acrylic_on_paper,76.2,55.88,2016.0,True,True,Property from an international collection,1,,0,,0,7200.0,9600.0,INR,,,False,False,https://assets.astaguru.com/iconic-nov24-154l.jpeg,https://www.astaguru.com/lots//auctions/2024/iconic-masters-183/Untitled-16170
astaguru_155,0,astaguru_183,Iconic Masters,2024-11-07,Mumbai,auction,Piraji Sagara,,,Untitled,Mixed media and metal on wood,mixed_media,172.72,2.54,1962.0,True,True,Property from a collection based in North India,1,,0,,0,6000.0,8400.0,INR,,,False,False,https://assets.astaguru.com/iconic-nov24-155l.jpeg,https://www.astaguru.com/lots//auctions/2024/iconic-masters-183/Untitled-16171
astaguru_156,0,astaguru_183,Iconic Masters,2024-11-07,Mumbai,auction,Ram Kumar,,,Untitled (Ed: 5-9),Bronze,bronze_sculpture,22.86,26.67,,True,False,Property from a collection based in New Delhi,1,,0,,0,7200.0,9600.0,INR,,,False,False,https://assets.astaguru.com/iconic-nov24-156l.jpeg,https://www.astaguru.com/lots//auctions/2024/iconic-masters-183/Untitled (Ed: 5-9)-16172
astaguru_157,0,astaguru_183,Iconic Masters,2024-11-07,Mumbai,auction,Paresh Maity,,,Untitled,Conte on paper,other,152.4,121.92,1992.0,True,True,Property from a collection based in Kolkata,1,,0,,0,9600.0,14400.0,INR,,,False,False,https://assets.astaguru.com/iconic-nov24-157l.jpeg,https://www.astaguru.com/lots//auctions/2024/iconic-masters-183/Untitled-16173
astaguru_158,0,astaguru_183,Iconic Masters,2024-11-07,Mumbai,auction,B Prabha,,,Untitled,Oil on canvas,oil_on_canvas,74.93,64.77,1977.0,True,True,Property from a collection based in New Delhi,1,,0,,0,18000.0,24000.0,INR,,,False,False,https://assets.astaguru.com/iconic-nov24-158l.jpeg,https://www.astaguru.com/lots//auctions/2024/iconic-masters-183/Untitled-16174
astaguru_159,0,astaguru_183,Iconic Masters,2024-11-07,Mumbai,auction,Lalu Prasad Shaw,,,Untitled,Tempera on board,tempera,37.08,52.32,2017.0,True,True,Property from a collection based in New Delhi,1,,0,,0,6000.0,8400.0,INR,,,False,False,https://assets.astaguru.com/iconic-nov24-159l.jpeg,https://www.astaguru.com/lots//auctions/2024/iconic-masters-183/Untitled-16175
astaguru_160,0,astaguru_183,Iconic Masters,2024-11-07,Mumbai,auction,F N Souza,,,Untitled,Pen and ink on paper,ink_on_paper,74.93,53.34,1985.0,True,True,Property from a collection based in New Delhi,1,,0,,0,6000.0,8400.0,INR,,,False,False,https://assets.astaguru.com/iconic-nov24-160l.jpeg,https://www.astaguru.com/lots//auctions/2024/iconic-masters-183/Untitled-16177
astaguru_161,0,astaguru_183,Iconic Masters,2024-11-07,Mumbai,auction,F N Souza,,,Untitled,Pencil on paper,pencil_on_paper,26.67,19.05,1961.0,True,True,Property from a collection based in New Delhi,1,,0,,0,6000.0,8400.0,INR,,,False,False,https://assets.astaguru.com/iconic-nov24-161l.jpeg,https://www.astaguru.com/lots//auctions/2024/iconic-masters-183/Untitled-16178
astaguru_162,0,astaguru_183,Iconic Masters,2024-11-07,Mumbai,auction,Prodosh Dasgupta,,,Untitled (Ed:1-6),Bronze,bronze_sculpture,29.21,29.21,1974.0,True,True,Property from a collection based in New Delhi,1,,0,,0,6000.0,8400.0,INR,,,False,False,https://assets.astaguru.com/iconic-nov24-162l.jpeg,https://www.astaguru.com/lots//auctions/2024/iconic-masters-183/Untitled (Ed:1-6)-16179
astaguru_163,0,astaguru_183,Iconic Masters,2024-11-07,Mumbai,auction,H A Gade,,,untitled,Oil on board,oil_on_board,66.04,39.88,1953.0,True,True,Property from a collection based in Mumbai,1,,0,,0,6000.0,8400.0,INR,,,False,False,https://assets.astaguru.com/iconic-nov24-163l.jpeg,https://www.astaguru.com/lots//auctions/2024/iconic-masters-183/untitled-16180
astaguru_164,0,astaguru_183,Iconic Masters,2024-11-07,Mumbai,auction,A A Almelkar,,,Untitled,Oil on canvas,oil_on_canvas,110.24,60.96,,False,False,Property from a collection based in New Delhi,1,,0,,0,6000.0,8400.0,INR,,,False,False,https://assets.astaguru.com/iconic-nov24-164l.jpeg,https://www.astaguru.com/lots//auctions/2024/iconic-masters-183/Untitled-16181
astaguru_165,0,astaguru_183,Iconic Masters,2024-11-07,Mumbai,auction,Rameshwar Broota,,,Untitled,Pen and resin mounted in stone,stone_sculpture,27.94,28.7,2016.0,True,True,Property from a collection based in New Delhi,1,,0,,0,6000.0,8400.0,INR,,,False,False,https://assets.astaguru.com/iconic-nov24-165l.jpeg,https://www.astaguru.com/lots//auctions/2024/iconic-masters-183/Untitled-16182
astaguru_166,0,astaguru_183,Iconic Masters,2024-11-07,Mumbai,auction,Sakti Burman,,,Love And Violence,Oil on canvas,oil_on_canvas,88.9,115.57,2008.0,True,True,Property from a collection based in Mumbai,1,,0,,0,84000.0,108000.0,INR,,,False,False,https://assets.astaguru.com/iconic-nov24-166l.jpeg,https://www.astaguru.com/lots//auctions/2024/iconic-masters-183/Love And Violence-16183
astaguru_167,0,astaguru_183,Iconic Masters,2024-11-07,Mumbai,auction,Jeram Patel,,,Untitled,Acrylic on canvas,acrylic_on_canvas,73.66,99.06,1988.0,True,True,Property from a collection based in New Delhi,1,,0,,0,6000.0,8400.0,INR,,,False,False,https://assets.astaguru.com/iconic-nov24-167l.jpeg,https://www.astaguru.com/lots//auctions/2024/iconic-masters-183/Untitled-16184
astaguru_168,0,astaguru_183,Iconic Masters,2024-11-07,Mumbai,auction,Avinash Chandra,,,Untitled,Oil on canvas,oil_on_canvas,48.26,58.42,1950.0,True,True,Property from a collection based in New Delhi,1,,0,,0,6000.0,8400.0,INR,,,False,False,https://assets.astaguru.com/iconic-nov24-168l.jpeg,https://www.astaguru.com/lots//auctions/2024/iconic-masters-183/Untitled-16185
astaguru_169,0,astaguru_183,Iconic Masters,2024-11-07,Mumbai,auction,Shyamal Dutta Ray,,,Untitled,Watercolour on paper,watercolor_on_paper,41.91,50.8,1959.0,True,True,Property from a collection based in Kolkata,1,,0,,0,6000.0,8400.0,INR,,,False,False,https://assets.astaguru.com/iconic-nov24-169l.jpeg,https://www.astaguru.com/lots//auctions/2024/iconic-masters-183/Untitled-16186
astaguru_170,0,astaguru_183,Iconic Masters,2024-11-07,Mumbai,auction,Chintamoni Kar,,,Untitled,Bronze,bronze_sculpture,19.05,13.97,1984.0,True,True,Property from a collection based in Mumbai,1,,0,,0,6000.0,8400.0,INR,,,False,False,https://assets.astaguru.com/iconic-nov24-170l.jpeg,https://www.astaguru.com/lots//auctions/2024/iconic-masters-183/Untitled-16187
astaguru_171,0,astaguru_183,Iconic Masters,2024-11-07,Mumbai,auction,Krishen Khanna,,,Untitled (Bandwallah),Oil on canvas,oil_on_canvas,50.8,38.1,,True,False,Property from a collection based in New Delhi,1,,0,,0,9600.0,14400.0,INR,,,False,False,https://assets.astaguru.com/iconic-nov24-171l.jpeg,https://www.astaguru.com/lots//auctions/2024/iconic-masters-183/Untitled (Bandwallah)-16188
astaguru_172,0,astaguru_183,Iconic Masters,2024-11-07,Mumbai,auction,Bimal Dasgupta,,,Untitled,Oil on canvas,oil_on_canvas,107.95,107.95,1986.0,True,True,Property from a collection based in New Delhi,1,,0,,0,6000.0,8400.0,INR,,,False,False,https://assets.astaguru.com/iconic-nov24-172l.jpeg,https://www.astaguru.com/lots//auctions/2024/iconic-masters-183/Untitled-16189
astaguru_173,0,astaguru_183,Iconic Masters,2024-11-07,Mumbai,auction,Jogen Chowdhury,,,Woman Face (With Raised Hands),"Watercolour, pen, ink and pastel on paper",watercolor,20.83,13.97,2023.0,True,True,Property from a collection based in Mumbai,1,,0,,0,6000.0,8400.0,INR,,,False,False,https://assets.astaguru.com/iconic-nov24-173l.jpeg,https://www.astaguru.com/lots//auctions/2024/iconic-masters-183/Woman Face (With Raised Hands)-16190
astaguru_174,0,astaguru_183,Iconic Masters,2024-11-07,Mumbai,auction,M F Husain,,,Untitled,Oil on canvas,oil_on_canvas,,,2008.0,True,True,Property from a collection based in Kolkata,1,,0,,0,30000.0,36000.0,INR,,,False,False,https://assets.astaguru.com/iconic-nov24-174l.jpeg,https://www.astaguru.com/lots//auctions/2024/iconic-masters-183/Untitled-16191
astaguru_175,0,astaguru_183,Iconic Masters,2024-11-07,Mumbai,auction,Manu Parekh,,,Untitled,Oil on board,oil_on_board,91.44,142.24,2019.0,True,True,Property from a collection based in New Delhi,1,,0,,0,7200.0,10800.0,INR,,,False,False,https://assets.astaguru.com/iconic-nov24-175l.jpeg,https://www.astaguru.com/lots//auctions/2024/iconic-masters-183/Untitled-16192
astaguru_176,0,astaguru_183,Iconic Masters,2024-11-07,Mumbai,auction,T Vaikuntam,,,Untitled (Ed: 8-9),Patinated Bronze,bronze_sculpture,21.08,13.21,,True,False,Property from a collection based in New Delhi,1,,0,,0,7200.0,10800.0,INR,,,False,False,https://assets.astaguru.com/iconic-nov24-176l.jpeg,https://www.astaguru.com/lots//auctions/2024/iconic-masters-183/Untitled (Ed: 8-9)-16193
astaguru_177,0,astaguru_183,Iconic Masters,2024-11-07,Mumbai,auction,Bikash Bhattacharjee,,,Untitled,Oil on canvas,oil_on_canvas,91.44,106.68,1988.0,True,True,Property from a collection based in Kolkata,1,,0,,0,36000.0,48000.0,INR,,,False,False,https://assets.astaguru.com/iconic-nov24-177l.jpeg,https://www.astaguru.com/lots//auctions/2024/iconic-masters-183/Untitled-16194
astaguru_178,0,astaguru_183,Iconic Masters,2024-11-07,Mumbai,auction,Sankho Chaudhuri,,,Untitled,Aluminium,other,58.42,49.53,,False,False,Property from a collection based in New Delhi,1,,0,,0,6000.0,8400.0,INR,,,False,False,https://assets.astaguru.com/iconic-nov24-178l.jpeg,https://www.astaguru.com/lots//auctions/2024/iconic-masters-183/Untitled-16195
astaguru_179,0,astaguru_183,Iconic Masters,2024-11-07,Mumbai,auction,Shanti Dave,,,Untitled,Oil and encaustic on canvas,oil_other,104.14,91.44,1975.0,True,True,Property from a collection based in New Delhi,1,,0,,0,6000.0,8400.0,INR,,,False,False,https://assets.astaguru.com/iconic-nov24-179l.jpeg,https://www.astaguru.com/lots//auctions/2024/iconic-masters-183/Untitled-16196
astaguru_180,0,astaguru_183,Iconic Masters,2024-11-07,Mumbai,auction,T Vaikuntam,,,Untitled,Acrylic on canvas,acrylic_on_canvas,121.16,149.86,,True,False,Property from a collection based in New Delhi,1,,0,,0,36000.0,48000.0,INR,,,False,False,https://assets.astaguru.com/iconic-nov24-180l.jpeg,https://www.astaguru.com/lots//auctions/2024/iconic-masters-183/Untitled-16197
astaguru_135,0,astaguru_180,Manifest,2024-09-24,Mumbai,auction,Nikhil Chaganlal,,,Good Morning,Acrylic on board,acrylic_on_board,55.88,71.12,2016.0,True,True,Property from a collection based in Goa,1,,0,,0,2400.0,3600.0,INR,,,False,False,https://assets.astaguru.com/manifest-sep24-1-135l.jpeg,https://www.astaguru.com/lots//auctions/2024/manifest-180/Good Morning-15160
astaguru_137,0,astaguru_180,Manifest,2024-09-24,Mumbai,auction,Rabin Mondal,,,Deity 10,Acrylic on canvas board,acrylic_on_canvas,100.33,76.2,2001.0,True,True,Property from a collection based in Mumbai,1,,0,,0,2400.0,3600.0,INR,,,False,False,https://assets.astaguru.com/manifest-sep24-1-137l.jpeg,https://www.astaguru.com/lots//auctions/2024/manifest-180/Deity 10-15162
astaguru_181,0,astaguru_180,Manifest,2024-09-24,Mumbai,auction,Santhosh Andrade,,,Hide & Seek,Acrylic on canvas,acrylic_on_canvas,91.44,106.68,2010.0,True,True,Property from a collection based in South India,1,,0,,0,2400.0,3600.0,INR,,,False,False,https://assets.astaguru.com/manifest-sep24-1-181l.jpeg,https://www.astaguru.com/lots//auctions/2024/manifest-180/Hide & Seek-15207
astaguru_182,0,astaguru_180,Manifest,2024-09-24,Mumbai,auction,Jayashree Chakravarty,,,Untitled,Acrylic and oil on canvas,oil_on_canvas,107.95,137.16,2014.0,True,True,Property from a collection based in Kolkata,1,,0,,0,3600.0,4800.0,INR,,,False,False,https://assets.astaguru.com/manifest-sep24-1-182l.jpeg,https://www.astaguru.com/lots//auctions/2024/manifest-180/Untitled-15208
astaguru_183,0,astaguru_180,Manifest,2024-09-24,Mumbai,auction,Baiju Parthan,,,Red Shift: Displaced Coat Of Arms,Acrylic and oil on canvas,oil_on_canvas,121.92,60.96,2005.0,True,True,Property from a collection based in Mumbai,1,,0,,0,3600.0,4800.0,INR,,,False,False,https://assets.astaguru.com/manifest-sep24-1-183l.jpeg,https://www.astaguru.com/lots//auctions/2024/manifest-180/Red Shift: Displaced Coat Of Arms-15209
astaguru_184,0,astaguru_180,Manifest,2024-09-24,Mumbai,auction,T V Santhosh,,,Enemys Enemy,Oil on canvas,oil_on_canvas,152.4,121.92,2005.0,True,True,Property from a collection based in Mumbai,1,,0,,0,12000.0,18000.0,INR,,,False,False,https://assets.astaguru.com/manifest-sep24-1-184l.jpeg,https://www.astaguru.com/lots//auctions/2024/manifest-180/Enemys Enemy-15045
astaguru_185,0,astaguru_180,Manifest,2024-09-24,Mumbai,auction,Amit Lodh,,,Untitled,Acrylic on canvas,acrylic_on_canvas,121.92,121.92,,True,False,Property from a collection based in Mumbai,1,,0,,0,3000.0,3600.0,INR,,,False,False,https://assets.astaguru.com/manifest-sep24-1-185l.jpeg,https://www.astaguru.com/lots//auctions/2024/manifest-180/Untitled-15210
astaguru_186,0,astaguru_180,Manifest,2024-09-24,Mumbai,auction,Jagannath Panda,,,Again & Again II,"Acrylic, fabric and glue on canvas",acrylic_other,201.93,228.6,2009.0,True,True,Property from a collection based in New Delhi,1,,0,,0,12000.0,18000.0,INR,,,False,False,https://assets.astaguru.com/manifest-sep24-1-186l.jpeg,https://www.astaguru.com/lots//auctions/2024/manifest-180/Again & Again II-15211
astaguru_187,0,astaguru_180,Manifest,2024-09-24,Mumbai,auction,Suryakant Lokhande,,,Untitled,High gloss oil on canvas,oil_on_canvas,38.1,38.1,,True,False,Property from a collection based in Mumbai,1,,0,,0,3600.0,4800.0,INR,,,False,False,https://assets.astaguru.com/manifest-sep24-1-187l.jpeg,https://www.astaguru.com/lots//auctions/2024/manifest-180/Untitled-15212
astaguru_188,0,astaguru_180,Manifest,2024-09-24,Mumbai,auction,Shraddha More,,,Untitled,Acrylic on canvas,acrylic_on_canvas,152.4,101.6,2022.0,True,True,NULL,1,,0,,0,3600.0,4800.0,INR,,,False,False,https://assets.astaguru.com/manifest-sep24-1-188l.jpeg,https://www.astaguru.com/lots//auctions/2024/manifest-180/Untitled-15213
astaguru_189,0,astaguru_180,Manifest,2024-09-24,Mumbai,auction,Ranbir Singh Kaleka,,,Renewal Among The Tropics,Oil on linen canvas,oil_other,59.69,90.17,2019.0,True,True,Property from a collection based in New Delhi,1,,0,,0,6000.0,8400.0,INR,,,False,False,https://assets.astaguru.com/manifest-sep24-1-189l.jpeg,https://www.astaguru.com/lots//auctions/2024/manifest-180/Renewal Among The Tropics-15214
astaguru_190,0,astaguru_180,Manifest,2024-09-24,Mumbai,auction,Ompal Sansanwal,,,Untitled,Acrylic and ink on canvas,acrylic_other,91.44,121.92,,True,False,Property from a collection based in New Delhi,1,,0,,0,4800.0,7200.0,INR,,,False,False,https://assets.astaguru.com/manifest-sep24-1-190l.jpeg,https://www.astaguru.com/lots//auctions/2024/manifest-180/Untitled-15215
astaguru_191,0,astaguru_180,Manifest,2024-09-24,Mumbai,auction,M F Husain,,,Untitled,Acrylic on canvas,acrylic_on_canvas,119.38,176.53,1990.0,True,False,Property from a collection based in Mumbai,1,,0,,0,240000.0,360000.0,INR,,,False,False,https://assets.astaguru.com/manifest-sep24-1-191l.jpeg,https://www.astaguru.com/lots//auctions/2024/manifest-180/Untitled-15216
astaguru_192,0,astaguru_180,Manifest,2024-09-24,Mumbai,auction,Neeraj Goswami,,,Stride,Oil on canvas,oil_on_canvas,45.72,60.96,2005.0,True,True,Property from a collection based in New Delhi,1,,0,,0,2400.0,3600.0,INR,,,False,False,https://assets.astaguru.com/manifest-sep24-1-192l.jpeg,https://www.astaguru.com/lots//auctions/2024/manifest-180/Stride-15052
astaguru_193,0,astaguru_180,Manifest,2024-09-24,Mumbai,auction,Akbar Padamsee,,,Untitled,Watercolour on paper,watercolor_on_paper,54.61,35.56,2005.0,True,True,Property from a collection based in Mumbai,1,,0,,0,3600.0,4800.0,INR,,,False,False,https://assets.astaguru.com/manifest-sep24-1-193l.jpeg,https://www.astaguru.com/lots//auctions/2024/manifest-180/Untitled-15217
astaguru_194,0,astaguru_180,Manifest,2024-09-24,Mumbai,auction,M F Husain,,,Untitled,Acrylic on wood,wood_sculpture,105.41,1.27,,True,False,"Property from a collection based in Mumbai, thence by descent",1,,0,,0,24000.0,36000.0,INR,,,False,False,https://assets.astaguru.com/manifest-sep24-1-194l.jpeg,https://www.astaguru.com/lots//auctions/2024/manifest-180/Untitled-15218
astaguru_195,0,astaguru_180,Manifest,2024-09-24,Mumbai,auction,Shobha Broota,,,Untitled,Oil on canvas,oil_on_canvas,121.92,121.92,2022.0,True,True,Property from a collection based in New Delhi,1,,0,,0,3600.0,4800.0,INR,,,False,False,https://assets.astaguru.com/manifest-sep24-1-195l.jpeg,https://www.astaguru.com/lots//auctions/2024/manifest-180/Untitled-15219
astaguru_196,0,astaguru_180,Manifest,2024-09-24,Mumbai,auction,Krishen Khanna,,,Murlidharan,Oil on canvas,oil_on_canvas,60.96,45.72,,True,False,Property from a collection based in Mumbai,1,,0,,0,9600.0,14400.0,INR,,,False,False,https://assets.astaguru.com/manifest-sep24-1-196l.jpeg,https://www.astaguru.com/lots//auctions/2024/manifest-180/Murlidharan-15220
astaguru_197,0,astaguru_180,Manifest,2024-09-24,Mumbai,auction,K K Hebbar,,,Untitled,Mixed media on board,mixed_media,60.96,271.78,1968.0,True,True,Property from the collection of the Maluste family,1,,0,,0,120000.0,180000.0,INR,,,False,False,https://assets.astaguru.com/manifest-sep24-1-197l.jpeg,https://www.astaguru.com/lots//auctions/2024/manifest-180/Untitled-15221
astaguru_198,0,astaguru_180,Manifest,2024-09-24,Mumbai,auction,Amit Ambalal,,,Untitled,Acrylic on canvas,acrylic_on_canvas,121.92,152.4,2022.0,True,True,Property from a collection based in Ahmedabad,1,,0,,0,9600.0,14400.0,INR,,,False,False,https://assets.astaguru.com/manifest-sep24-1-198l.jpeg,https://www.astaguru.com/lots//auctions/2024/manifest-180/Untitled-15222
astaguru_199,0,astaguru_180,Manifest,2024-09-24,Mumbai,auction,T Vaikuntam,,,Untitled,Acrylic on canvas,acrylic_on_canvas,81.28,60.96,2015.0,True,True,Property from an international collection,1,,0,,0,4800.0,7200.0,INR,,,False,False,https://assets.astaguru.com/manifest-sep24-1-199l.jpeg,https://www.astaguru.com/lots//auctions/2024/manifest-180/Untitled-15223
astaguru_200,0,astaguru_180,Manifest,2024-09-24,Mumbai,auction,S H Raza,,,Winter Breeze,Acrylic on canvas,acrylic_on_canvas,78.74,40.13,2010.0,True,True,Property from a collection based in Mumbai,1,,0,,0,36000.0,48000.0,INR,,,False,False,https://assets.astaguru.com/manifest-sep24-1-200l.jpeg,https://www.astaguru.com/lots//auctions/2024/manifest-180/Winter Breeze-15224
astaguru_201,0,astaguru_180,Manifest,2024-09-24,Mumbai,auction,Sudarshan Shetty,,,Untitled,"Acrylic, oil and enamel on canvas",oil_other,182.88,137.16,2005.0,True,True,Property from a collection based in Mumbai,1,,0,,0,3600.0,4800.0,INR,,,False,False,https://assets.astaguru.com/manifest-sep24-1-201l.jpeg,https://www.astaguru.com/lots//auctions/2024/manifest-180/Untitled-15225
astaguru_202,0,astaguru_180,Manifest,2024-09-24,Mumbai,auction,Gurdeep Singh,,,Untitled,Oil on canvas,oil_on_canvas,91.44,91.44,2013.0,True,True,Property from a collection based in Mumbai,1,,0,,0,2400.0,3600.0,INR,,,False,False,https://assets.astaguru.com/manifest-sep24-1-202l.jpeg,https://www.astaguru.com/lots//auctions/2024/manifest-180/Untitled-15226
astaguru_203,0,astaguru_180,Manifest,2024-09-24,Mumbai,auction,Vinita Karim,,,Beautiful Chaos,"Acrylic, gold leaf and copper on linen",acrylic_other,91.44,91.44,2021.0,True,True,Property from a collection based in New Delhi,1,,0,,0,6000.0,8400.0,INR,,,False,False,https://assets.astaguru.com/manifest-sep24-1-203l.jpeg,https://www.astaguru.com/lots//auctions/2024/manifest-180/Beautiful Chaos-15227
astaguru_204,0,astaguru_180,Manifest,2024-09-24,Mumbai,auction,Jayashree Chakravarty,,,Untitled,Acrylic and oil on canvas,oil_on_canvas,91.44,121.92,2019.0,True,True,Property from a collection based in Kolkata,1,,0,,0,3600.0,4800.0,INR,,,False,False,https://assets.astaguru.com/manifest-sep24-1-204l.jpeg,https://www.astaguru.com/lots//auctions/2024/manifest-180/Untitled-15228
astaguru_205,0,astaguru_180,Manifest,2024-09-24,Mumbai,auction,Rahul Arya,,,Untitled (Diptych),Oil on canvas,oil_on_canvas,96.52,190.5,2021.0,True,True,Property from a collection based in New Delhi,1,,0,,0,7200.0,9600.0,INR,,,False,False,https://assets.astaguru.com/manifest-sep24-1-205l.jpeg,https://www.astaguru.com/lots//auctions/2024/manifest-180/Untitled (Diptych)-15229
astaguru_206,0,astaguru_180,Manifest,2024-09-24,Mumbai,auction,Barun Chowdhury,,,Flying Freedom In The Air,Acrylic and oil on canvas,oil_on_canvas,121.92,182.88,2022.0,True,True,Property from a collection based in Vadodara,1,,0,,0,3600.0,4800.0,INR,,,False,False,https://assets.astaguru.com/manifest-sep24-1-206l.jpeg,https://www.astaguru.com/lots//auctions/2024/manifest-180/Flying Freedom In The Air-15230
astaguru_207,0,astaguru_180,Manifest,2024-09-24,Mumbai,auction,G R Santosh,,,Untitled,Oil on canvas,oil_on_canvas,133.35,105.41,,False,False,Property from a collection based in New Delhi. Artwork was previously sold by Dhoomimal Art Centre,1,,0,,0,24000.0,36000.0,INR,,,False,False,https://assets.astaguru.com/manifest-sep24-1-207l.jpeg,https://www.astaguru.com/lots//auctions/2024/manifest-180/Untitled-15231
astaguru_208,0,astaguru_180,Manifest,2024-09-24,Mumbai,auction,Amitava Das,,,Untitled,Mixed media on canvas,mixed_media,152.4,121.92,2006.0,True,True,Property from a collection based in South India,1,,0,,0,3600.0,4800.0,INR,,,False,False,https://assets.astaguru.com/manifest-sep24-1-208l.jpeg,https://www.astaguru.com/lots//auctions/2024/manifest-180/Untitled-15232
astaguru_209,0,astaguru_180,Manifest,2024-09-24,Mumbai,auction,K Laxma Goud,,,Untitled,Acrylic on wood,wood_sculpture,27.94,10.16,2020.0,True,True,Property from a collection based in Hyderabad,1,,0,,0,4800.0,6000.0,INR,,,False,False,https://assets.astaguru.com/manifest-sep24-1-209l.jpeg,https://www.astaguru.com/lots//auctions/2024/manifest-180/Untitled-15233
astaguru_210,0,astaguru_180,Manifest,2024-09-24,Mumbai,auction,M F Husain,,,Untitled,Acrylic on canvas,acrylic_on_canvas,78.74,193.04,1970.0,True,False,Property from a collection based in New Delhi,1,,0,,0,540000.0,780000.0,INR,,,False,False,https://assets.astaguru.com/manifest-sep24-1-210l.jpeg,https://www.astaguru.com/lots//auctions/2024/manifest-180/Untitled-15234
astaguru_211,0,astaguru_180,Manifest,2024-09-24,Mumbai,auction,H A Gade,,,Untitled,Oil on canvas,oil_on_canvas,49.53,39.37,,True,False,Property from a collection based in New Delhi,1,,0,,0,4800.0,7200.0,INR,,,False,False,https://assets.astaguru.com/manifest-sep24-1-211l.jpeg,https://www.astaguru.com/lots//auctions/2024/manifest-180/Untitled-15235
astaguru_212,0,astaguru_180,Manifest,2024-09-24,Mumbai,auction,P A Dhond,,,Untitled,Oil on canvas,oil_on_canvas,60.96,76.2,1950.0,True,False,Property from a collection based in Chennai,1,,0,,0,3600.0,4800.0,INR,,,False,False,https://assets.astaguru.com/manifest-sep24-1-212l.jpeg,https://www.astaguru.com/lots//auctions/2024/manifest-180/Untitled-15236
astaguru_213,0,astaguru_180,Manifest,2024-09-24,Mumbai,auction,Krishen Khanna,,,Emmaus,Oil on canvas,oil_on_canvas,182.88,121.92,2016.0,True,True,Property from a collection based in Mumbai,1,,0,,0,180000.0,300000.0,INR,,,False,False,https://assets.astaguru.com/manifest-sep24-1-213l.jpeg,https://www.astaguru.com/lots//auctions/2024/manifest-180/Emmaus-15238
astaguru_214,0,astaguru_180,Manifest,2024-09-24,Mumbai,auction,Manu Parekh,,,Untitled,Acrylic on canvas,acrylic_on_canvas,121.92,91.44,2003.0,True,True,Property from a collection based in New Delhi,1,,0,,0,2400.0,3600.0,INR,,,False,False,https://assets.astaguru.com/manifest-sep24-1-214l.jpeg,https://www.astaguru.com/lots//auctions/2024/manifest-180/Untitled-15239
astaguru_215,0,astaguru_180,Manifest,2024-09-24,Mumbai,auction,Niren Sengupta,,,Marvel,Oil on canvas,oil_on_canvas,85.09,85.09,2002.0,True,True,Property from a collection based in New Delhi,1,,0,,0,3000.0,4200.0,INR,,,False,False,https://assets.astaguru.com/manifest-sep24-1-215l.jpeg,https://www.astaguru.com/lots//auctions/2024/manifest-180/Marvel-15240
astaguru_216,0,astaguru_180,Manifest,2024-09-24,Mumbai,auction,F N Souza,,,Untitled,Acrylic on canvas,acrylic_on_canvas,132.08,81.28,1986.0,True,True,Property from an international collection,1,,0,,0,60000.0,84000.0,INR,,,False,False,https://assets.astaguru.com/manifest-sep24-1-216l.jpeg,https://www.astaguru.com/lots//auctions/2024/manifest-180/Untitled-15241
astaguru_217,0,astaguru_180,Manifest,2024-09-24,Mumbai,auction,Arpita Singh,,,Untitled,Watercolour and pen on paper,watercolor,40.64,35.05,1988.0,True,True,Property from an international collection,1,,0,,0,2400.0,3600.0,INR,,,False,False,https://assets.astaguru.com/manifest-sep24-1-217l.jpeg,https://www.astaguru.com/lots//auctions/2024/manifest-180/Untitled-15242
astaguru_218,0,astaguru_180,Manifest,2024-09-24,Mumbai,auction,Sakti Burman,,,Untitled,Watercolour on paper,watercolor_on_paper,48.26,63.5,,True,False,Property from a collection based in Mumbai,1,,0,,0,2400.0,3600.0,INR,,,False,False,https://assets.astaguru.com/manifest-sep24-1-218l.jpeg,https://www.astaguru.com/lots//auctions/2024/manifest-180/Untitled-15243
astaguru_219,0,astaguru_180,Manifest,2024-09-24,Mumbai,auction,Sakti Burman,,,Three Women,Oil on canvas,oil_on_canvas,129.54,156.21,1961.0,True,True,Property from a collection based in Chennai,1,,0,,0,72000.0,96000.0,INR,,,False,False,https://assets.astaguru.com/manifest-sep24-1-219l.jpeg,https://www.astaguru.com/lots//auctions/2024/manifest-180/Three Women-15244
astaguru_221,0,astaguru_180,Manifest,2024-09-24,Mumbai,auction,Suhas Roy,,,Untitled,Oil on canvas,oil_on_canvas,121.92,91.44,2006.0,True,True,Property from a collection based in Mumbai,1,,0,,0,3600.0,4800.0,INR,,,False,False,https://assets.astaguru.com/manifest-sep24-1-221l.jpeg,https://www.astaguru.com/lots//auctions/2024/manifest-180/Untitled-15247
astaguru_222,0,astaguru_180,Manifest,2024-09-24,Mumbai,auction,K G Subramanyan,,,Janmashtami (Diptych),Acrylic on canvas,acrylic_on_canvas,120.65,243.84,2015.0,True,True,Property from an international collection,1,,0,,0,144000.0,192000.0,INR,,,False,False,https://assets.astaguru.com/manifest-sep24-1-222l.jpeg,https://www.astaguru.com/lots//auctions/2024/manifest-180/Janmashtami (Diptych)-15248
astaguru_223,0,astaguru_180,Manifest,2024-09-24,Mumbai,auction,M F Husain,,,Untitled,Watercolour and pencil on paper,watercolor,39.37,39.37,1942.0,True,True,Property from a collection based in Mumbai,1,,0,,0,7200.0,8400.0,INR,,,False,False,https://assets.astaguru.com/manifest-sep24-1-223l.jpeg,https://www.astaguru.com/lots//auctions/2024/manifest-180/Untitled-15249
astaguru_224,0,astaguru_180,Manifest,2024-09-24,Mumbai,auction,K M Adimoolam,,,Land Reflects,Oil on canvas,oil_on_canvas,59.69,74.93,1990.0,True,True,Property from a collection based in New Delhi,1,,0,,0,2400.0,3600.0,INR,,,False,False,https://assets.astaguru.com/manifest-sep24-1-224l.jpeg,https://www.astaguru.com/lots//auctions/2024/manifest-180/Land Reflects-15250
astaguru_225,0,astaguru_180,Manifest,2024-09-24,Mumbai,auction,M F Husain,,,Untitled (Mother Teresa),Acrylic on canvas board,acrylic_on_canvas,91.44,60.96,1990.0,True,False,Property from a collection based in Mumbai,1,,0,,0,84000.0,96000.0,INR,,,False,False,https://assets.astaguru.com/manifest-sep24-1-225l.jpeg,https://www.astaguru.com/lots//auctions/2024/manifest-180/Untitled (Mother Teresa)-15251
astaguru_226,0,astaguru_180,Manifest,2024-09-24,Mumbai,auction,Rini Dhumal,,,Untitled,Acrylic on board,acrylic_on_board,121.92,76.2,2007.0,True,True,Property from a collection based in Mumbai,1,,0,,0,2400.0,3600.0,INR,,,False,False,https://assets.astaguru.com/manifest-sep24-1-226l.jpeg,https://www.astaguru.com/lots//auctions/2024/manifest-180/Untitled-15252
astaguru_227,0,astaguru_180,Manifest,2024-09-24,Mumbai,auction,F N Souza,,,Untitled,Pen on paper,other,73.66,52.07,1987.0,True,True,Property from a collection based in Kolkata,1,,0,,0,3600.0,4800.0,INR,,,False,False,https://assets.astaguru.com/manifest-sep24-1-227l.jpeg,https://www.astaguru.com/lots//auctions/2024/manifest-180/Untitled-15253
astaguru_228,0,astaguru_180,Manifest,2024-09-24,Mumbai,auction,Sadanand Bakre,,,Untitled (Still Life),Oil on board,oil_on_board,43.18,90.17,1963.0,True,True,Property from a collection based in New Delhi. This work was previously auctioned by Sotheby’s,1,,0,,0,18000.0,24000.0,INR,,,False,False,https://assets.astaguru.com/manifest-sep24-1-228l.jpeg,https://www.astaguru.com/lots//auctions/2024/manifest-180/Untitled (Still Life)-15254
astaguru_229,0,astaguru_180,Manifest,2024-09-24,Mumbai,auction,Ram Kumar,,,Untitled,Ink on paper,ink_on_paper,57.15,72.39,1974.0,True,True,Property from an international collection,1,,0,,0,4800.0,7200.0,INR,,,False,False,https://assets.astaguru.com/manifest-sep24-1-229l.jpeg,https://www.astaguru.com/lots//auctions/2024/manifest-180/Untitled-15255
astaguru_230,0,astaguru_180,Manifest,2024-09-24,Mumbai,auction,S H Raza,,,Untitled,Acrylic on paper,acrylic_on_paper,19.81,12.19,1970.0,True,True,Property from a collection based in New Delhi. This work was previously auctioned by Sotheby’s,1,,0,,0,7200.0,9600.0,INR,,,False,False,https://assets.astaguru.com/manifest-sep24-1-230l.jpeg,https://www.astaguru.com/lots//auctions/2024/manifest-180/Untitled-15256
astaguru_231,0,astaguru_180,Manifest,2024-09-24,Mumbai,auction,Bal Chhabda,,,Untitled,Oil on canvas,oil_on_canvas,99.06,173.99,1997.0,True,True,Property from a collection based in Mumbai,1,,0,,0,18000.0,24000.0,INR,,,False,False,https://assets.astaguru.com/manifest-sep24-1-231l.jpeg,https://www.astaguru.com/lots//auctions/2024/manifest-180/Untitled-15257
astaguru_232,0,astaguru_180,Manifest,2024-09-24,Mumbai,auction,M F Husain,,,Untitled,Oil on canvas,oil_on_canvas,78.74,49.53,,True,False,Property from a collection based in New Delhi,1,,0,,0,36000.0,48000.0,INR,,,False,False,https://assets.astaguru.com/manifest-sep24-1-232l.jpeg,https://www.astaguru.com/lots//auctions/2024/manifest-180/Untitled-15258
astaguru_233,0,astaguru_180,Manifest,2024-09-24,Mumbai,auction,Akbar Padamsee,,,Head,Oil on canvas,oil_on_canvas,60.96,91.44,2003.0,True,True,Property from an international collection,1,,0,,0,18000.0,24000.0,INR,,,False,False,https://assets.astaguru.com/manifest-sep24-1-233l.jpeg,https://www.astaguru.com/lots//auctions/2024/manifest-180/Head-15259
astaguru_234,0,astaguru_180,Manifest,2024-09-24,Mumbai,auction,T Vaikuntam,,,Untitled,Acrylic on canvas,acrylic_on_canvas,182.88,243.84,2017.0,True,True,Property from a collection based in New Delhi,1,,0,,0,96000.0,144000.0,INR,,,False,False,https://assets.astaguru.com/manifest-sep24-1-234l.jpeg,https://www.astaguru.com/lots//auctions/2024/manifest-180/Untitled-15260
astaguru_235,0,astaguru_180,Manifest,2024-09-24,Mumbai,auction,Ram Kumar,,,Untitled (Ed: 9-9),Bronze,bronze_sculpture,17.78,13.97,,True,False,Property from a collection based in New Delhi,1,,0,,0,12000.0,18000.0,INR,,,False,False,https://assets.astaguru.com/manifest-sep24-1-235l.jpeg,https://www.astaguru.com/lots//auctions/2024/manifest-180/Untitled (Ed: 9-9)-15261
astaguru_236,0,astaguru_180,Manifest,2024-09-24,Mumbai,auction,M F Husain,,,Untitled,Watercolour and ink on paper,watercolor,48.26,68.58,,True,False,Property from a collection based in Chennai,1,,0,,0,18000.0,24000.0,INR,,,False,False,https://assets.astaguru.com/manifest-sep24-1-236l.jpeg,https://www.astaguru.com/lots//auctions/2024/manifest-180/Untitled-15262
astaguru_237,0,astaguru_180,Manifest,2024-09-24,Mumbai,auction,Jogen Chowdhury,,,Untitled,Pastel on paper,pastel_on_paper,36.83,40.64,1988.0,True,True,Property from a collection based in Kolkata. Artwork was acquired by the present owner directly from the artist,1,,0,,0,24000.0,30000.0,INR,,,False,False,https://assets.astaguru.com/manifest-sep24-1-237l.jpeg,https://www.astaguru.com/lots//auctions/2024/manifest-180/Untitled-15263
astaguru_238,0,astaguru_180,Manifest,2024-09-24,Mumbai,auction,K G Subramanyan,,,Still Life With Figures,Gouache on paper,gouache_on_paper,73.66,54.61,2009.0,True,True,Property from a collection based in Mumbai,1,,0,,0,9600.0,14400.0,INR,,,False,False,https://assets.astaguru.com/manifest-sep24-1-238l.jpeg,https://www.astaguru.com/lots//auctions/2024/manifest-180/Still Life With Figures-15264
astaguru_239,0,astaguru_180,Manifest,2024-09-24,Mumbai,auction,Amarnath Sehgal,,,Untitled,Bronze,bronze_sculpture,6.35,5.08,1978.0,True,True,Property from a collection based in New Delhi,1,,0,,0,3600.0,4800.0,INR,,,False,False,https://assets.astaguru.com/manifest-sep24-1-239l.jpeg,https://www.astaguru.com/lots//auctions/2024/manifest-180/Untitled-15265
astaguru_240,0,astaguru_180,Manifest,2024-09-24,Mumbai,auction,Anjolie Ela Menon,,,Untitled,Oil on masonite with carved wood jharokha,oil_on_board,85.09,135.38,,True,False,Property from a collection based in New Delhi,1,,0,,0,48000.0,72000.0,INR,,,False,False,https://assets.astaguru.com/manifest-sep24-1-240l.jpeg,https://www.astaguru.com/lots//auctions/2024/manifest-180/Untitled-15266
