lot_id,lot_number,auction_id,auction_title,auction_date,auction_location,sale_type,artist_name,artist_birth_year,artist_death_year,title,medium_raw,medium_category,height_cm,width_cm,year_created,is_signed,is_dated,provenance_text,provenance_count,literature_text,literature_count,exhibited_text,exhibition_count,estimate_low_usd,estimate_high_usd,estimate_currency,hammer_price_usd,hammer_currency,is_sold,is_withdrawn,image_url,lot_url,auction_year,surface_area_cm2,estimate_avg,theme
-785132897,325,,South Asian Modern + Contemporary Art,2026-03-25,New York,live,FRANCIS NEWTON SOUZA,1924,2002,Flowers,,oil_on_canvas,90,70,,True,False,,0,,0,,0,100000.0,150000.0,USD,215900.0,USD,True,False,,https://www.christies.com/en/lot/lot-6575887,2026,6300,125000.0,Still Life
-848595643,366,,South Asian Modern + Contemporary Art,2026-03-25,New York,live,FRANCIS NEWTON SOUZA,1924,2002,Untitled (Reclining Nude),,oil_on_canvas,90,70,,True,False,,0,,0,,0,100000.0,150000.0,USD,393700.0,USD,True,False,,https://www.christies.com/en/lot/lot-6575928,2026,6300,125000.0,Nudes
5325468300,327,,South Asian Modern + Contemporary Art,2026-03-25,New York,live,FRANCIS NEWTON SOUZA,1924,2002,Landscape,,oil_on_canvas,90,70,,True,False,,0,,0,,0,30000.0,50000.0,USD,127000.0,USD,True,False,,https://www.christies.com/en/lot/lot-6575889,2026,6300,40000.0,Landscape & Cityscape
8113403628,701,,South Asian Modern + Contemporary Art ,2025-09-17,New York,live,FRANCIS NEWTON SOUZA,1924,2002,Untitled (Seated Nude),,oil_on_canvas,90,70,,True,False,,0,,0,,0,30000.0,50000.0,USD,107950.0,USD,True,False,,https://www.christies.com/en/lot/lot-6547991,2025,6300,40000.0,Nudes
-441633567,773,,South Asian Modern + Contemporary Art ,2025-09-17,New York,live,FRANCIS NEWTON SOUZA,1924,2002,Untitled (Landscape),,oil_on_canvas,90,70,,True,False,,0,,0,,0,40000.0,60000.0,USD,107950.0,USD,True,False,,https://www.christies.com/en/lot/lot-6548063,2025,6300,50000.0,Landscape & Cityscape
-840999222,752,,South Asian Modern + Contemporary Art ,2025-09-17,New York,live,FRANCIS NEWTON SOUZA,1924,2002,Girl in a Dressing-Gown,,oil_on_canvas,120,90,,True,False,,0,,0,,0,200000.0,300000.0,USD,520700.0,USD,True,False,,https://www.christies.com/en/lot/lot-6548042,2025,10800,250000.0,Heads & Portraits
-581521841,748,,South Asian Modern + Contemporary Art ,2025-03-19,New York,live,FRANCIS NEWTON SOUZA,1924,2002,Untitled (After Head of a Man with a Pipe),,oil_on_canvas,90,70,,True,False,,0,,0,,0,250000.0,350000.0,USD,378000.0,USD,True,False,,https://www.christies.com/en/lot/lot-6525339,2025,6300,300000.0,Heads & Portraits
-184220137,753,,South Asian Modern + Contemporary Art ,2025-03-19,New York,live,FRANCIS NEWTON SOUZA,1924,2002,Untitled (Woman and Mirror),,oil_on_canvas,120,90,,True,False,,0,,0,,0,200000.0,300000.0,USD,529200.0,USD,True,False,,https://www.christies.com/en/lot/lot-6525354,2025,10800,250000.0,Heads & Portraits
-274747119,781,,South Asian Modern + Contemporary Art ,2025-03-19,New York,live,FRANCIS NEWTON SOUZA,1924,2002,Beauty Queen doing the Kicks,,oil_on_canvas,70,55,,True,False,,0,,0,,0,30000.0,50000.0,USD,81900.0,USD,True,False,,https://www.christies.com/en/lot/lot-6525412,2025,3850,40000.0,Other
7006091265,646,,South Asian Modern + Contemporary Art,2024-09-18,New York,live,FRANCIS NEWTON SOUZA,1924,2002,Landscape in Red,,oil_on_canvas,90,70,,True,False,,0,,0,,0,100000.0,150000.0,USD,277200.0,USD,True,False,,https://www.christies.com/en/lot/lot-6495171,2024,6300,125000.0,Landscape & Cityscape
2358778667,708,,South Asian Modern + Contemporary Art,2024-09-18,New York,live,FRANCIS NEWTON SOUZA,1924,2002,Untitled (Self Portrait),,oil_on_canvas,90,70,,True,False,,0,,0,,0,25000.0,35000.0,USD,163800.0,USD,True,False,,https://www.christies.com/en/lot/lot-6495233,2024,6300,30000.0,Heads & Portraits
1353479488,707,,South Asian Modern + Contemporary Art,2024-09-18,New York,live,FRANCIS NEWTON SOUZA,1924,2002,Untitled (Heads),,oil_on_canvas,90,70,,True,False,,0,,0,,0,20000.0,30000.0,USD,107100.0,USD,True,False,,https://www.christies.com/en/lot/lot-6495232,2024,6300,25000.0,Other
4030451211,705,,South Asian Modern + Contemporary Art,2024-09-18,New York,live,FRANCIS NEWTON SOUZA,1924,2002,Untitled (Man in Tunic),,oil_on_canvas,90,70,,True,False,,0,,0,,0,70000.0,100000.0,USD,151200.0,USD,True,False,,https://www.christies.com/en/lot/lot-6495230,2024,6300,85000.0,Heads & Portraits
3795809455,687,,South Asian Modern + Contemporary Art,2024-09-18,New York,live,FRANCIS NEWTON SOUZA,1924,2002,Untitled (Landscape),,oil_on_canvas,90,70,,True,False,,0,,0,,0,150000.0,250000.0,USD,189000.0,USD,True,False,,https://www.christies.com/en/lot/lot-6495212,2024,6300,200000.0,Landscape & Cityscape
-740200008,634,,South Asian Modern + Contemporary Art,2024-09-18,New York,live,FRANCIS NEWTON SOUZA,1924,2002,Still Life with Relics,,oil_on_canvas,90,70,,True,False,,0,,0,,0,180000.0,250000.0,USD,478800.0,USD,True,False,,https://www.christies.com/en/lot/lot-6495159,2024,6300,215000.0,Still Life
7587521646,606,,South Asian Modern + Contemporary Art,2024-09-18,New York,live,FRANCIS NEWTON SOUZA,1924,2002,Untitled (Bearded Man),,oil_on_canvas,90,70,,True,False,,0,,0,,0,120000.0,180000.0,USD,176400.0,USD,True,False,,https://www.christies.com/en/lot/lot-6495131,2024,6300,150000.0,Heads & Portraits
3398340688,604,,South Asian Modern + Contemporary Art,2024-09-18,New York,live,FRANCIS NEWTON SOUZA,1924,2002,Untitled (Figures),,oil_on_canvas,90,70,,True,False,,0,,0,,0,30000.0,50000.0,USD,138600.0,USD,True,False,,https://www.christies.com/en/lot/lot-6495129,2024,6300,40000.0,Other
9389753662,603,,South Asian Modern + Contemporary Art,2024-09-18,New York,live,FRANCIS NEWTON SOUZA,1924,2002,Untitled (Standing Nude),,oil_on_canvas,90,70,,True,False,,0,,0,,0,30000.0,50000.0,USD,100800.0,USD,True,False,,https://www.christies.com/en/lot/lot-6495128,2024,6300,40000.0,Nudes
-332801920,601,,South Asian Modern + Contemporary Art,2024-09-18,New York,live,FRANCIS NEWTON SOUZA,1924,2002,Untitled (Church),,oil_on_canvas,90,70,,True,False,,0,,0,,0,20000.0,30000.0,USD,163800.0,USD,True,False,,https://www.christies.com/en/lot/lot-6495126,2024,6300,25000.0,Religious
-689967175,684,,South Asian Modern + Contemporary Art Including Works from the Collection of Umesh and Sunanda Gaur,2024-03-20,New York,live,FRANCIS NEWTON SOUZA,1924,2002,The Naked Family (Bombay Beggars),,oil_on_canvas,90,70,,True,False,,0,,0,,0,30000.0,50000.0,USD,201600.0,USD,True,False,,https://www.christies.com/en/lot/lot-6471660,2024,6300,40000.0,Nudes
-411517596,683,,South Asian Modern + Contemporary Art Including Works from the Collection of Umesh and Sunanda Gaur,2024-03-20,New York,live,FRANCIS NEWTON SOUZA,1924,2002,Men in Boats,,oil_on_canvas,120,90,,True,False,,0,,0,,0,300000.0,500000.0,USD,693000.0,USD,True,False,,https://www.christies.com/en/lot/lot-6471659,2024,10800,400000.0,Other
-756168480,678,,South Asian Modern + Contemporary Art Including Works from the Collection of Umesh and Sunanda Gaur,2024-03-20,New York,live,FRANCIS NEWTON SOUZA,1924,2002,Priest with Chalice,,oil_on_canvas,120,90,,True,False,,0,,0,,0,500000.0,700000.0,USD,3922000.0,USD,True,False,,https://www.christies.com/en/lot/lot-6471654,2024,10800,600000.0,Religious
-163206723,656,,South Asian Modern + Contemporary Art Including Works from the Collection of Umesh and Sunanda Gaur,2024-03-20,New York,live,FRANCIS NEWTON SOUZA,1924,2002,Girl with Two Men; Untitled (Study for Girl with Two Men),,oil_on_canvas,90,70,,True,False,,0,,0,,0,300000.0,500000.0,USD,352800.0,USD,True,False,,https://www.christies.com/en/lot/lot-6471632,2024,6300,400000.0,Heads & Portraits
-768908824,642,,South Asian Modern + Contemporary Art Including Works from the Collection of Umesh and Sunanda Gaur,2024-03-20,New York,live,FRANCIS NEWTON SOUZA,1924,2002,"Landscape of Hampstead, London",,oil_on_canvas,90,70,,True,False,,0,,0,,0,70000.0,100000.0,USD,302400.0,USD,True,False,,https://www.christies.com/en/lot/lot-6471618,2024,6300,85000.0,Landscape & Cityscape
5310006366,607,,South Asian Modern + Contemporary Art Including Works from the Collection of Umesh and Sunanda Gaur,2024-03-20,New York,live,FRANCIS NEWTON SOUZA,1924,2002,Girl in a Cardigan,,oil_on_canvas,90,70,,True,False,,0,,0,,0,200000.0,300000.0,USD,485100.0,USD,True,False,,https://www.christies.com/en/lot/lot-6471583,2024,6300,250000.0,Heads & Portraits
8529092963,604,,South Asian Modern + Contemporary Art Including Works from the Collection of Umesh and Sunanda Gaur,2024-03-20,New York,live,FRANCIS NEWTON SOUZA,1924,2002,Head of a Man,,oil_on_canvas,120,90,,True,False,,0,,0,,0,150000.0,250000.0,USD,504000.0,USD,True,False,,https://www.christies.com/en/lot/lot-6471580,2024,10800,200000.0,Heads & Portraits
4378233999,606,,South Asian Modern + Contemporary Art Including Works from the Collection of Umesh and Sunanda Gaur,2024-03-20,New York,live,FRANCIS NEWTON SOUZA,1924,2002,Untitled (Head of a Cardinal),,oil_on_canvas,120,90,,True,False,,0,,0,,0,250000.0,350000.0,USD,630000.0,USD,True,False,,https://www.christies.com/en/lot/lot-6471582,2024,10800,300000.0,Heads & Portraits
2602439727,605,,South Asian Modern + Contemporary Art Including Works from the Collection of Umesh and Sunanda Gaur,2024-03-20,New York,live,FRANCIS NEWTON SOUZA,1924,2002,The Lovers,,oil_on_canvas,120,90,,True,False,,0,,0,,0,700000.0,1000000.0,USD,4890000.0,USD,True,False,,https://www.christies.com/en/lot/lot-6471581,2024,10800,850000.0,Nudes
-752123447,709,,South Asian Modern + Contemporary Art,2023-09-20,New York,live,FRANCIS NEWTON SOUZA,1924,2002,Untitled (Townscape),,oil_on_canvas,120,90,,True,False,,0,,0,,0,200000.0,300000.0,USD,504000.0,USD,True,False,,https://www.christies.com/en/lot/lot-6441509,2023,10800,250000.0,Other
-119115784,717,,South Asian Modern + Contemporary Art,2023-09-20,New York,live,FRANCIS NEWTON SOUZA,1924,2002,St. Stephen (Homage to Stephen Spender),,oil_on_canvas,90,70,,True,False,,0,,0,,0,120000.0,180000.0,USD,327600.0,USD,True,False,,https://www.christies.com/en/lot/lot-6441517,2023,6300,150000.0,Other
2055769271,719,,South Asian Modern + Contemporary Art,2023-09-20,New York,live,FRANCIS NEWTON SOUZA,1924,2002,Untitled (Church on a Hill),,oil_on_canvas,120,90,,True,False,,0,,0,,0,250000.0,350000.0,USD,945000.0,USD,True,False,,https://www.christies.com/en/lot/lot-6441519,2023,10800,300000.0,Religious
-827787840,737,,South Asian Modern + Contemporary Art,2023-09-20,New York,live,FRANCIS NEWTON SOUZA,1924,2002,Untitled (Landscape with Church),,oil_on_canvas,90,70,,True,False,,0,,0,,0,20000.0,30000.0,USD,119700.0,USD,True,False,,https://www.christies.com/en/lot/lot-6441537,2023,6300,25000.0,Religious
-694052981,740,,South Asian Modern + Contemporary Art,2023-09-20,New York,live,FRANCIS NEWTON SOUZA,1924,2002,Landscape,,oil_on_canvas,90,70,,True,False,,0,,0,,0,80000.0,120000.0,USD,239400.0,USD,True,False,,https://www.christies.com/en/lot/lot-6441540,2023,6300,100000.0,Landscape & Cityscape
-744250039,506,,South Asian Modern + Contemporary Art,2023-03-22,New York,live,FRANCIS NEWTON SOUZA,1924,2002,"View from Crawford Market, Bombay",,oil_on_canvas,120,90,,True,False,,0,,0,,0,300000.0,500000.0,USD,1740000.0,USD,True,False,,https://www.christies.com/en/lot/lot-6416575,2023,10800,400000.0,Other
-910522667,525,,South Asian Modern + Contemporary Art,2023-03-22,New York,live,FRANCIS NEWTON SOUZA,1924,2002,Untitled (Head),,oil_on_canvas,90,70,,True,False,,0,,0,,0,50000.0,70000.0,USD,220500.0,USD,True,False,,https://www.christies.com/en/lot/lot-6416594,2023,6300,60000.0,Heads & Portraits
-760926031,505,,South Asian Modern + Contemporary Art,2023-03-22,New York,live,FRANCIS NEWTON SOUZA,1924,2002,"Figures in a Landscape, Freeport, Bahamas",,oil_on_canvas,70,55,,True,False,,0,,0,,0,50000.0,70000.0,USD,94500.0,USD,True,False,,https://www.christies.com/en/lot/lot-6416574,2023,3850,60000.0,Landscape & Cityscape
-841134083,633,,South Asian Modern + Contemporary Art,2022-09-21,New York,live,FRANCIS NEWTON SOUZA,1924,2002,Head of King,,oil_on_canvas,90,70,,True,False,,0,,0,,0,200000.0,300000.0,USD,327600.0,USD,True,False,,https://www.christies.com/en/lot/lot-6388471,2022,6300,250000.0,Heads & Portraits
2489613121,644,,South Asian Modern + Contemporary Art,2022-09-21,New York,live,FRANCIS NEWTON SOUZA,1924,2002,The Apocalypse,,oil_on_canvas,120,90,,True,False,,0,,0,,0,150000.0,200000.0,USD,567000.0,USD,True,False,,https://www.christies.com/en/lot/lot-6388482,2022,10800,175000.0,Other
8715240836,652,,South Asian Modern + Contemporary Art,2022-09-21,New York,live,FRANCIS NEWTON SOUZA,1924,2002,Untitled (Hillside Landscape),,oil_on_canvas,90,70,,True,False,,0,,0,,0,80000.0,120000.0,USD,302400.0,USD,True,False,,https://www.christies.com/en/lot/lot-6388490,2022,6300,100000.0,Landscape & Cityscape
5640308274,648,,South Asian Modern + Contemporary Art Including Works from the Collection of Mahinder and Sharad Tak,2022-03-23,New York,live,FRANCIS NEWTON SOUZA,1924,2002,Untitled (Sitting Nude),,oil_on_canvas,90,70,,True,False,,0,,0,,0,150000.0,250000.0,USD,226800.0,USD,True,False,,https://www.christies.com/en/lot/lot-6359106,2022,6300,200000.0,Nudes
-903502854,659,,South Asian Modern + Contemporary Art Including Works from the Collection of Mahinder and Sharad Tak,2022-03-23,New York,live,FRANCIS NEWTON SOUZA,1924,2002,Untitled (Head),,oil_on_canvas,90,70,,True,False,,0,,0,,0,150000.0,200000.0,USD,189000.0,USD,True,False,,https://www.christies.com/en/lot/lot-6359117,2022,6300,175000.0,Heads & Portraits
4391726546,658,,South Asian Modern + Contemporary Art Including Works from the Collection of Mahinder and Sharad Tak,2022-03-23,New York,live,FRANCIS NEWTON SOUZA,1924,2002,Still Life,,oil_on_canvas,120,90,,True,False,,0,,0,,0,400000.0,600000.0,USD,2160000.0,USD,True,False,,https://www.christies.com/en/lot/lot-6359116,2022,10800,500000.0,Still Life
7597172892,650,,South Asian Modern + Contemporary Art Including Works from the Collection of Mahinder and Sharad Tak,2022-03-23,New York,live,FRANCIS NEWTON SOUZA,1924,2002,Untitled (Reclining Nude),,oil_on_canvas,120,90,,True,False,,0,,0,,0,70000.0,90000.0,USD,541800.0,USD,True,False,,https://www.christies.com/en/lot/lot-6359108,2022,10800,80000.0,Nudes
9153196507,646,,South Asian Modern + Contemporary Art Including Works from the Collection of Mahinder and Sharad Tak,2022-03-23,New York,live,FRANCIS NEWTON SOUZA,1924,2002,Untitled (Landscape with Houses),,oil_on_canvas,90,70,,True,False,,0,,0,,0,120000.0,180000.0,USD,239400.0,USD,True,False,,https://www.christies.com/en/lot/lot-6359104,2022,6300,150000.0,Landscape & Cityscape
-336110252,647,,South Asian Modern + Contemporary Art Including Works from the Collection of Mahinder and Sharad Tak,2022-03-23,New York,live,FRANCIS NEWTON SOUZA,1924,2002,Untitled (Roman Landscape),,oil_on_canvas,90,70,,True,False,,0,,0,,0,180000.0,250000.0,USD,428400.0,USD,True,False,,https://www.christies.com/en/lot/lot-6359105,2022,6300,215000.0,Landscape & Cityscape
8748190783,638,,South Asian Modern + Contemporary Art Including Works from the Collection of Mahinder and Sharad Tak,2022-03-23,New York,live,FRANCIS NEWTON SOUZA,1924,2002,Untitled (Nude with Garters),,oil_on_canvas,90,70,,True,False,,0,,0,,0,120000.0,180000.0,USD,214200.0,USD,True,False,,https://www.christies.com/en/lot/lot-6359096,2022,6300,150000.0,Nudes
-418291748,645,,South Asian Modern + Contemporary Art Including Works from the Collection of Mahinder and Sharad Tak,2022-03-23,New York,live,FRANCIS NEWTON SOUZA,1924,2002,Untitled (Cityscape),,oil_on_canvas,70,55,,True,False,,0,,0,,0,40000.0,60000.0,USD,88200.0,USD,True,False,,https://www.christies.com/en/lot/lot-6359103,2022,3850,50000.0,Landscape & Cityscape
-535164066,642,,South Asian Modern + Contemporary Art Including Works from the Collection of Mahinder and Sharad Tak,2022-03-23,New York,live,FRANCIS NEWTON SOUZA,1924,2002,Mad Prophet in New York,,oil_on_canvas,120,90,,True,False,,0,,0,,0,300000.0,500000.0,USD,1033200.0,USD,True,False,,https://www.christies.com/en/lot/lot-6359100,2022,10800,400000.0,Other
-362584990,630,,South Asian Modern + Contemporary Art,2021-09-22,New York,live,FRANCIS NEWTON SOUZA,1924,2002,Head of a Woman,,oil_on_canvas,90,70,,True,False,,0,,0,,0,150000.0,250000.0,USD,212500.0,USD,True,False,,https://www.christies.com/en/lot/lot-6334236,2021,6300,200000.0,Heads & Portraits
-523947589,1011,,South Asian Modern + Contemporary Art Including Works by Benodebehari Mukherjee from the Mrinalini Mukherjee Foundation,2021-03-17,New York,live,FRANCIS NEWTON SOUZA,1924,2002,Untitled (Man in Blue Tunic),,oil_on_canvas,90,70,,True,False,,0,,0,,0,150000.0,250000.0,USD,187500.0,USD,True,False,,https://www.christies.com/en/lot/lot-6307699,2021,6300,200000.0,Heads & Portraits
-196784222,1012,,South Asian Modern + Contemporary Art Including Works by Benodebehari Mukherjee from the Mrinalini Mukherjee Foundation,2021-03-17,New York,live,FRANCIS NEWTON SOUZA,1924,2002,Family,,oil_on_canvas,120,90,,True,False,,0,,0,,0,450000.0,600000.0,USD,822000.0,USD,True,False,,https://www.christies.com/en/lot/lot-6307700,2021,10800,525000.0,Other
-470070868,1028,,South Asian Modern + Contemporary Art Including Works by Benodebehari Mukherjee from the Mrinalini Mukherjee Foundation,2021-03-17,New York,live,FRANCIS NEWTON SOUZA,1924,2002,Untitled (Landscape),,oil_on_canvas,90,70,,True,False,,0,,0,,0,120000.0,180000.0,USD,150000.0,USD,True,False,,https://www.christies.com/en/lot/lot-6307716,2021,6300,150000.0,Landscape & Cityscape
3904717668,520,,South Asian Modern + Contemporary Art ,2020-09-23,New York,live,FRANCIS NEWTON SOUZA,1924,2002,Standing Nude with Folded Arms,,oil_on_canvas,90,70,,True,False,,0,,0,,0,100000.0,150000.0,USD,150000.0,USD,True,False,,https://www.christies.com/en/lot/lot-6277046,2020,6300,125000.0,Nudes
-427870904,477,,A Lasting Engagement: The Jane and Kito de Boer Collection,2020-09-23,New York,live,FRANCIS NEWTON SOUZA,1924,2002,Untitled (Woman in Garters),,oil_on_canvas,90,70,,True,False,,0,,0,,0,120000.0,180000.0,USD,118750.0,USD,True,False,,https://www.christies.com/en/lot/lot-6254956,2020,6300,150000.0,Heads & Portraits
-752363620,439,,A Lasting Engagement: The Jane and Kito de Boer Collection,2020-09-23,New York,live,FRANCIS NEWTON SOUZA,1924,2002,Untitled (Seated Woman),,oil_on_canvas,90,70,,True,False,,0,,0,,0,150000.0,200000.0,USD,237500.0,USD,True,False,,https://www.christies.com/en/lot/lot-6254918,2020,6300,175000.0,Heads & Portraits
6191776264,168,,South Asian Modern + Contemporary Art ,2019-09-11,New York,live,FRANCIS NEWTON SOUZA,1924,2002,Nude,,oil_on_canvas,90,70,,True,False,,0,,0,,0,150000.0,200000.0,USD,175000.0,USD,True,False,,https://www.christies.com/en/lot/lot-6222358,2019,6300,175000.0,Nudes
-646162319,176,,South Asian Modern + Contemporary Art ,2019-09-11,New York,live,FRANCIS NEWTON SOUZA,1924,2002,Head in Landscape,,oil_on_canvas,90,70,,True,False,,0,,0,,0,250000.0,350000.0,USD,471000.0,USD,True,False,,https://www.christies.com/en/lot/lot-6222366,2019,6300,300000.0,Heads & Portraits
1245294802,195,,South Asian Modern + Contemporary Art ,2019-09-11,New York,live,FRANCIS NEWTON SOUZA,1924,2002,Head of a Woman,,oil_on_canvas,90,70,,True,False,,0,,0,,0,180000.0,250000.0,USD,350000.0,USD,True,False,,https://www.christies.com/en/lot/lot-6222384,2019,6300,215000.0,Heads & Portraits
-857953387,222,,South Asian Modern + Contemporary Art ,2019-09-11,New York,live,FRANCIS NEWTON SOUZA,1924,2002,Townscape,,oil_on_canvas,90,70,,True,False,,0,,0,,0,150000.0,200000.0,USD,237500.0,USD,True,False,,https://www.christies.com/en/lot/lot-6222410,2019,6300,175000.0,Other
-731712654,21,,South Asian Modern + Contemporary Art,2019-06-11,London,live,FRANCIS NEWTON SOUZA,1924,2002,Landscape in Red,,oil_on_canvas,90,70,,True,False,,0,,0,,0,192000.0,256000.0,GBP,208000.0,GBP,True,False,,https://www.christies.com/en/lot/lot-6212728,2019,6300,224000.0,Landscape & Cityscape
4243600247,52,,South Asian Modern + Contemporary Art,2019-06-11,London,live,FRANCIS NEWTON SOUZA,1924,2002,Untitled (The Prophet),,oil_on_canvas,90,70,,True,False,,0,,0,,0,384000.0,640000.0,GBP,398400.0,GBP,True,False,,https://www.christies.com/en/lot/lot-6212759,2019,6300,512000.0,Other
-436553329,426,,South Asian Modern + Contemporary Art,2019-03-20,New York,live,FRANCIS NEWTON SOUZA,1924,2002,Black Landscape,,oil_on_canvas,90,70,,True,False,,0,,0,,0,100000.0,150000.0,USD,112500.0,USD,True,False,,https://www.christies.com/en/lot/lot-6192220,2019,6300,125000.0,Landscape & Cityscape
-375583869,439,,South Asian Modern + Contemporary Art,2019-03-20,New York,live,FRANCIS NEWTON SOUZA,1924,2002,Still Life with Chalice and Host,,oil_on_canvas,90,70,,True,False,,0,,0,,0,120000.0,180000.0,USD,156250.0,USD,True,False,,https://www.christies.com/en/lot/lot-6192233,2019,6300,150000.0,Still Life
3348227377,412,,South Asian Modern + Contemporary Art,2019-03-20,New York,live,FRANCIS NEWTON SOUZA,1924,2002,The Promise 2,,oil_on_canvas,90,70,,True,False,,0,,0,,0,150000.0,200000.0,USD,162500.0,USD,True,False,,https://www.christies.com/en/lot/lot-6192207,2019,6300,175000.0,Other
9027503798,411,,South Asian Modern + Contemporary Art,2019-03-20,New York,live,FRANCIS NEWTON SOUZA,1924,2002,Nude,,oil_on_canvas,90,70,,True,False,,0,,0,,0,150000.0,200000.0,USD,156250.0,USD,True,False,,https://www.christies.com/en/lot/lot-6192206,2019,6300,175000.0,Nudes
8829848192,216,,South Asian Modern + Contemporary Art,2018-09-12,New York,live,FRANCIS NEWTON SOUZA,1924,2002,Mountain Landscape,,oil_on_canvas,90,70,,True,False,,0,,0,,0,150000.0,200000.0,USD,212500.0,USD,True,False,,https://www.christies.com/en/lot/lot-6158237,2018,6300,175000.0,Landscape & Cityscape
-349884973,233,,South Asian Modern + Contemporary Art,2018-09-12,New York,live,FRANCIS NEWTON SOUZA,1924,2002,Jesting Pilate,,oil_on_canvas,120,90,,True,False,,0,,0,,0,150000.0,200000.0,USD,612500.0,USD,True,False,,https://www.christies.com/en/lot/lot-6158253,2018,10800,175000.0,Other
5686102792,255,,South Asian Modern + Contemporary Art,2018-09-12,New York,live,FRANCIS NEWTON SOUZA,1924,2002,The Jealous Lover,,oil_on_canvas,90,70,,True,False,,0,,0,,0,200000.0,300000.0,USD,444500.0,USD,True,False,,https://www.christies.com/en/lot/lot-6158274,2018,6300,250000.0,Other
-823044112,284,,South Asian Modern + Contemporary Art,2018-09-12,New York,live,FRANCIS NEWTON SOUZA,1924,2002,Winter Landscape,,oil_on_canvas,90,70,,True,False,,0,,0,,0,150000.0,200000.0,USD,218750.0,USD,True,False,,https://www.christies.com/en/lot/lot-6158303,2018,6300,175000.0,Landscape & Cityscape
8618458139,285,,South Asian Modern + Contemporary Art,2018-09-12,New York,live,FRANCIS NEWTON SOUZA,1924,2002,Untitled (Still Life with Fish),,oil_on_canvas,90,70,,True,False,,0,,0,,0,180000.0,250000.0,USD,250000.0,USD,True,False,,https://www.christies.com/en/lot/lot-6158304,2018,6300,215000.0,Still Life
-685230862,287,,South Asian Modern + Contemporary Art,2018-09-12,New York,live,FRANCIS NEWTON SOUZA,1924,2002,Untitled (Still Life with Flowers),,oil_on_canvas,90,70,,True,False,,0,,0,,0,180000.0,220000.0,USD,200000.0,USD,True,False,,https://www.christies.com/en/lot/lot-6158306,2018,6300,200000.0,Still Life
2457265606,14,,South Asian Modern + Contemporary Art,2018-06-12,London,live,FRANCIS NEWTON SOUZA,1924,2002,"Untitled (Artist's Studio, Hampstead)",,oil_on_canvas,90,70,,True,False,,0,,0,,0,159600.0,239400.0,GBP,362757.5,GBP,True,False,,https://www.christies.com/en/lot/lot-6142242,2018,6300,199500.0,Other
-703422043,64,,South Asian Modern + Contemporary Art,2018-06-12,London,live,FRANCIS NEWTON SOUZA,1924,2002,Oklahoma City,,oil_on_canvas,90,70,,True,False,,0,,0,,0,93100.0,119700.0,GBP,216125.0,GBP,True,False,,https://www.christies.com/en/lot/lot-6142292,2018,6300,106400.0,Landscape & Cityscape
6096650956,243,,South Asian Modern + Contemporary Art,2018-03-21,New York,live,FRANCIS NEWTON SOUZA,1924,2002,Young Ladies from Belsize Park,,oil_on_canvas,90,70,,True,False,,0,,0,,0,180000.0,250000.0,USD,250000.0,USD,True,False,,https://www.christies.com/en/lot/lot-6129258,2018,6300,215000.0,Other
-779749179,264,,South Asian Modern + Contemporary Art,2018-03-21,New York,live,FRANCIS NEWTON SOUZA,1924,2002,The Politicians,,oil_on_canvas,90,70,,True,False,,0,,0,,0,200000.0,300000.0,USD,444500.0,USD,True,False,,https://www.christies.com/en/lot/lot-6129279,2018,6300,250000.0,Other
2169243705,229,,South Asian Modern + Contemporary Art,2018-03-21,New York,live,FRANCIS NEWTON SOUZA,1924,2002,Head in a Landscape,,oil_on_canvas,90,70,,True,False,,0,,0,,0,220000.0,280000.0,USD,324500.0,USD,True,False,,https://www.christies.com/en/lot/lot-6129244,2018,6300,250000.0,Heads & Portraits
7622829888,210,,South Asian Modern + Contemporary Art,2018-03-21,New York,live,FRANCIS NEWTON SOUZA,1924,2002,Standing Nude in City Background,,oil_on_canvas,90,70,,True,False,,0,,0,,0,100000.0,150000.0,USD,150000.0,USD,True,False,,https://www.christies.com/en/lot/lot-6129225,2018,6300,125000.0,Nudes
5039902192,430,,South Asian Modern + Contemporary Art,2017-09-13,New York,live,FRANCIS NEWTON SOUZA,1924,2002,Supper at Emmaus,,oil_on_canvas,70,55,,True,False,,0,,0,,0,30000.0,50000.0,USD,87500.0,USD,True,False,,https://www.christies.com/en/lot/lot-6095536,2017,3850,40000.0,Other
5903510712,14,,South Asian Modern + Contemporary Art,2017-05-25,London,live,FRANCIS NEWTON SOUZA,1924,2002,Untitled (Lady in Tunic),,oil_on_canvas,90,70,,True,False,,0,,0,,0,103200.0,154800.0,GBP,137062.5,GBP,True,False,,https://www.christies.com/en/lot/lot-6072689,2017,6300,129000.0,Other
8604555307,31,,South Asian Modern + Contemporary Art,2017-05-25,London,live,FRANCIS NEWTON SOUZA,1924,2002,Untitled (Nude Standing in Front of Brocade),,oil_on_canvas,90,70,,True,False,,0,,0,,0,90300.0,116100.0,GBP,112875.0,GBP,True,False,,https://www.christies.com/en/lot/lot-6072706,2017,6300,103200.0,Nudes
3489472237,121,,The India Sale - South Asian Modern + Contemporary Art,2016-12-18,Mumbai,live,FRANCIS NEWTON SOUZA,1924,2002,Untitled (Head),,oil_on_canvas,90,70,,True,False,,0,,0,,0,89400.0,119200.0,INR,219402.5,INR,True,False,,https://www.christies.com/en/lot/lot-6053268,2016,6300,104300.0,Heads & Portraits
2436151675,641,,South Asian Modern + Contemporary Art,2016-09-14,New York,live,FRANCIS NEWTON SOUZA,1924,2002,Man and Woman,,oil_on_canvas,90,70,,True,False,,0,,0,,0,300000.0,400000.0,USD,317000.0,USD,True,False,,https://www.christies.com/en/lot/lot-6019282,2016,6300,350000.0,Heads & Portraits
-869460627,62,,South Asian Modern + Contemporary Art,2016-05-26,London,live,FRANCIS NEWTON SOUZA,1924,2002,Untitled (Hampstead),,oil_on_canvas,90,70,,True,False,,0,,0,,0,108800.0,163200.0,GBP,215560.0,GBP,True,False,,https://www.christies.com/en/lot/lot-5995279,2016,6300,136000.0,Other
1827040928,12,,The India Sale,2015-12-15,Mumbai,live,FRANCIS NEWTON SOUZA,1924,2002,Head of a Woman,,oil_on_canvas,90,70,,True,False,,0,,0,,0,94800.0,126400.0,INR,117315.0,INR,True,False,,https://www.christies.com/en/lot/lot-5959017,2015,6300,110600.0,Heads & Portraits
-443831402,772,,South Asian Modern + Contemporary Art ,2015-09-17,New York,live,FRANCIS NEWTON SOUZA,1924,2002,Still Life with Bread and Fish,,oil_on_canvas,90,70,,True,False,,0,,0,,0,120000.0,180000.0,USD,233000.0,USD,True,False,,https://www.christies.com/en/lot/lot-5927372,2015,6300,150000.0,Still Life
-398917968,745,,South Asian Modern + Contemporary Art ,2015-09-17,New York,live,FRANCIS NEWTON SOUZA,1924,2002,Indian Girl,,oil_on_canvas,90,70,,True,False,,0,,0,,0,220000.0,300000.0,USD,221000.0,USD,True,False,,https://www.christies.com/en/lot/lot-5927345,2015,6300,260000.0,Heads & Portraits
-120907498,744,,South Asian Modern + Contemporary Art ,2015-09-17,New York,live,FRANCIS NEWTON SOUZA,1924,2002,Barbara in the Bahamas,,oil_on_canvas,70,55,,True,False,,0,,0,,0,40000.0,60000.0,USD,87500.0,USD,True,False,,https://www.christies.com/en/lot/lot-5927344,2015,3850,50000.0,Other
6934778561,709,,South Asian Modern + Contemporary Art ,2015-09-17,New York,live,FRANCIS NEWTON SOUZA,1924,2002,Birth,,oil_on_canvas,120,90,,True,False,,0,,0,,0,2200000.0,2800000.0,USD,4085000.0,USD,True,False,,https://www.christies.com/en/lot/lot-5927309,2015,10800,2500000.0,Other
-830204320,75,,South Asian Modern + Contemporary Art,2015-06-10,London,live,FRANCIS NEWTON SOUZA,1924,2002,Untitled (Landscape),,oil_on_canvas,70,55,,True,False,,0,,0,,0,45900.0,76500.0,GBP,86062.5,GBP,True,False,,https://www.christies.com/en/lot/lot-5895318,2015,3850,61200.0,Landscape & Cityscape
7335984063,76,,South Asian Modern + Contemporary Art,2015-06-10,London,live,FRANCIS NEWTON SOUZA,1924,2002,Untitled (Still Life),,oil_on_canvas,90,70,,True,False,,0,,0,,0,45900.0,76500.0,GBP,178245.0,GBP,True,False,,https://www.christies.com/en/lot/lot-5906628,2015,6300,61200.0,Still Life
5327112460,22,,The India Sale,2014-12-11,Mumbai,live,FRANCIS NEWTON SOUZA,1924,2002,Untitled (Landscape),,oil_on_canvas,90,70,,True,False,,0,,0,,0,96000.0,144000.0,INR,139500.0,INR,True,False,,https://www.christies.com/en/lot/lot-5850615,2014,6300,120000.0,Landscape & Cityscape
-752630072,44,,The India Sale,2014-12-11,Mumbai,live,FRANCIS NEWTON SOUZA,1924,2002,Untitled (Indian Family),,oil_on_canvas,120,90,,True,False,,0,,0,,0,552000.0,744000.0,INR,1082700.0,INR,True,False,,https://www.christies.com/en/lot/lot-5850637,2014,10800,648000.0,Other
4330961484,7,,The India Sale,2014-12-11,Mumbai,live,FRANCIS NEWTON SOUZA,1924,2002,Front-Back Nude,,oil_on_canvas,90,70,,True,False,,0,,0,,0,180000.0,300000.0,INR,189900.0,INR,True,False,,https://www.christies.com/en/lot/lot-5850600,2014,6300,240000.0,Nudes
6415843037,416,,A Pioneering Vision: Works from the Collection of Shumita and Arani Bose,2014-09-17,New York,live,FRANCIS NEWTON SOUZA,1924,2002,The Butcher,,oil_on_canvas,120,90,,True,False,,0,,0,,0,1500000.0,2000000.0,USD,1685000.0,USD,True,False,,https://www.christies.com/en/lot/lot-5823602,2014,10800,1750000.0,Other
-148302046,46,,South Asian Modern + Contemporary Art,2014-06-11,London,live,FRANCIS NEWTON SOUZA,1924,2002,View From The Studio,,oil_on_canvas,90,70,,True,False,,0,,0,,0,127000.0,190500.0,GBP,155575.0,GBP,True,False,,https://www.christies.com/en/lot/lot-5807428,2014,6300,158750.0,Other
-571551590,53,,South Asian Modern + Contemporary Art,2014-06-11,London,live,FRANCIS NEWTON SOUZA,1924,2002,Flowers in a Blue Vase,,oil_on_canvas,70,55,,True,False,,0,,0,,0,31750.0,44450.0,GBP,66675.0,GBP,True,False,,https://www.christies.com/en/lot/lot-5807435,2014,3850,38100.0,Still Life
-610212526,79,,"Francis Newton and Maria Souza: A Life Partnership in Art, The Shelley Souza Collection",2014-03-18,New York,live,FRANCIS NEWTON SOUZA,1924,2002,Untitled (Landscape),,oil_on_canvas,90,70,,True,False,,0,,0,,0,60000.0,80000.0,USD,149000.0,USD,True,False,,https://www.christies.com/en/lot/lot-5776516,2014,6300,70000.0,Landscape & Cityscape
5737383879,73,,"Francis Newton and Maria Souza: A Life Partnership in Art, The Shelley Souza Collection",2014-03-18,New York,live,FRANCIS NEWTON SOUZA,1924,2002,Untitled (Head),,oil_on_canvas,90,70,,True,False,,0,,0,,0,80000.0,120000.0,USD,167000.0,USD,True,False,,https://www.christies.com/en/lot/lot-5776510,2014,6300,100000.0,Heads & Portraits
-410886471,147,,"Francis Newton and Maria Souza: A Life Partnership in Art, The Shelley Souza Collection",2014-03-18,New York,live,FRANCIS NEWTON SOUZA,1924,2002,Flowers,,oil_on_canvas,70,55,,True,False,,0,,0,,0,25000.0,35000.0,USD,87500.0,USD,True,False,,https://www.christies.com/en/lot/lot-5776584,2014,3850,30000.0,Still Life
4805614356,113,,South Asian Modern + Contemporary Art,2013-09-17,New York,live,FRANCIS NEWTON SOUZA,1924,2002,Landscape with Turret,,oil_on_canvas,70,55,,True,False,,0,,0,,0,50000.0,70000.0,USD,85000.0,USD,True,False,,https://www.christies.com/en/lot/lot-5717621,2013,3850,60000.0,Landscape & Cityscape
7370143233,131,,South Asian Modern + Contemporary Art,2013-09-17,New York,live,FRANCIS NEWTON SOUZA,1924,2002,Pietà,,oil_on_canvas,90,70,,True,False,,0,,0,,0,250000.0,350000.0,USD,327750.0,USD,True,False,,https://www.christies.com/en/lot/lot-5717639,2013,6300,300000.0,Other
1709015249,180,,South Asian Modern + Contemporary Art,2013-09-17,New York,live,FRANCIS NEWTON SOUZA,1924,2002,Untitled (St. Sebastian),,oil_on_canvas,90,70,,True,False,,0,,0,,0,220000.0,280000.0,USD,255750.0,USD,True,False,,https://www.christies.com/en/lot/lot-5717688,2013,6300,250000.0,Other
-262864855,25,,South Asian Modern + Contemporary Art,2013-06-11,London,live,FRANCIS NEWTON SOUZA,1924,2002,Rome,,oil_on_canvas,90,70,,True,False,,0,,0,,0,50800.0,76200.0,GBP,147161.25,GBP,True,False,,https://www.christies.com/en/lot/lot-5693654,2013,6300,63500.0,Other
-314130042,27,,South Asian Modern + Contemporary Art,2013-06-11,London,live,FRANCIS NEWTON SOUZA,1924,2002,Untitled (Landscape),,oil_on_canvas,90,70,,True,False,,0,,0,,0,76200.0,101600.0,GBP,154781.25,GBP,True,False,,https://www.christies.com/en/lot/lot-5693656,2013,6300,88900.0,Landscape & Cityscape
8883913664,31,,South Asian Modern + Contemporary Art,2013-06-11,London,live,FRANCIS NEWTON SOUZA,1924,2002,Red Houses,,oil_on_canvas,90,70,,True,False,,0,,0,,0,114300.0,152400.0,GBP,215741.25,GBP,True,False,,https://www.christies.com/en/lot/lot-5693659,2013,6300,133350.0,Other
-819303724,7,,South Asian Modern + Contemporary Art,2013-06-11,London,live,FRANCIS NEWTON SOUZA,1924,2002,Untitled (Landscape with Black Moon),,oil_on_canvas,90,70,,True,False,,0,,0,,0,63500.0,88900.0,GBP,170021.25,GBP,True,False,,https://www.christies.com/en/lot/lot-5693636,2013,6300,76200.0,Landscape & Cityscape
2674250412,14,,South Asian Modern + Contemporary Art,2013-03-20,New York,live,FRANCIS NEWTON SOUZA,1924,2002,Houses on a Green Hill,,oil_on_canvas,90,70,,True,False,,0,,0,,0,150000.0,200000.0,USD,339750.0,USD,True,False,,https://www.christies.com/en/lot/lot-5661031,2013,6300,175000.0,Other
3569749376,97,,South Asian Modern + Contemporary Art,2013-03-20,New York,live,FRANCIS NEWTON SOUZA,1924,2002,Mother & Child,,oil_on_canvas,90,70,,True,False,,0,,0,,0,100000.0,150000.0,USD,111750.0,USD,True,False,,https://www.christies.com/en/lot/lot-5661112,2013,6300,125000.0,Other
-777116158,391,,South Asian Modern & Contemporary,2012-09-12,New York,live,FRANCIS NEWTON SOUZA,1924,2002,Christ & the Adulteress,,oil_on_canvas,70,55,,True,False,,0,,0,,0,60000.0,80000.0,USD,92500.0,USD,True,False,,https://www.christies.com/en/lot/lot-5594685,2012,3850,70000.0,Religious
4238395071,534,,South Asian Modern and Contemporary Art,2012-03-21,New York,live,FRANCIS NEWTON SOUZA,1924,2002,Chance,,oil_on_canvas,90,70,,True,False,,0,,0,,0,250000.0,350000.0,USD,290500.0,USD,True,False,,https://www.christies.com/en/lot/lot-5539919,2012,6300,300000.0,Other
-146677634,590,,South Asian Modern and Contemporary Art,2012-03-21,New York,live,FRANCIS NEWTON SOUZA,1924,2002,Untitled (King),,oil_on_canvas,90,70,,True,False,,0,,0,,0,30000.0,50000.0,USD,104500.0,USD,True,False,,https://www.christies.com/en/lot/lot-5539975,2012,6300,40000.0,Other
-483595668,20,,South Asian Modern + Contemporary  Art,2011-06-09,London,live,FRANCIS NEWTON SOUZA,1924,2002,Landscape with Buildings,,oil_on_canvas,90,70,,True,False,,0,,0,,0,88900.0,114300.0,GBP,108267.5,GBP,True,False,,https://www.christies.com/en/lot/lot-5452414,2011,6300,101600.0,Landscape & Cityscape
-599939624,24,,South Asian Modern + Contemporary  Art,2011-06-09,London,live,FRANCIS NEWTON SOUZA,1924,2002,Untitled (French Doors),,oil_on_canvas,90,70,,True,False,,0,,0,,0,101600.0,152400.0,GBP,123507.5,GBP,True,False,,https://www.christies.com/en/lot/lot-5452418,2011,6300,127000.0,Other
4340142035,38,,South Asian Modern + Contemporary  Art,2011-06-09,London,live,FRANCIS NEWTON SOUZA,1924,2002,Untitled (Flagellation of Christ),,oil_on_canvas,90,70,,True,False,,0,,0,,0,76200.0,101600.0,GBP,100647.5,GBP,True,False,,https://www.christies.com/en/lot/lot-5452432,2011,6300,88900.0,Religious
6681206998,9,,South Asian Modern + Contemporary  Art,2011-06-09,London,live,FRANCIS NEWTON SOUZA,1924,2002,Nude Metamorphosed Into Insect - 1957,,oil_on_canvas,90,70,1957.0,True,False,,0,,0,,0,101600.0,152400.0,GBP,108267.5,GBP,True,False,,https://www.christies.com/en/lot/lot-5452403,2011,6300,127000.0,Nudes
4734190888,516,,South Asian Modern & Contemporary Art,2011-03-23,New York,live,FRANCIS NEWTON SOUZA,1924,2002,Untitled (Townscape),,oil_on_canvas,90,70,,True,False,,0,,0,,0,60000.0,80000.0,USD,170500.0,USD,True,False,,https://www.christies.com/en/lot/lot-5416942,2011,6300,70000.0,Other
9119352410,553,,South Asian Modern & Contemporary Art,2011-03-23,New York,live,FRANCIS NEWTON SOUZA,1924,2002,Still Life with Fish,,oil_on_canvas,90,70,,True,False,,0,,0,,0,120000.0,180000.0,USD,206500.0,USD,True,False,,https://www.christies.com/en/lot/lot-5416979,2011,6300,150000.0,Still Life
1070603525,611,,South Asian Modern & Contemporary Art,2011-03-23,New York,live,FRANCIS NEWTON SOUZA,1924,2002,Untitled (Paysage - 1954),,oil_on_canvas,90,70,1954.0,True,False,,0,,0,,0,150000.0,200000.0,USD,284500.0,USD,True,False,,https://www.christies.com/en/lot/lot-5417035,2011,6300,175000.0,Other
-672844954,622,,South Asian Modern & Contemporary Art,2011-03-23,New York,live,FRANCIS NEWTON SOUZA,1924,2002,Untitled (Deposition),,oil_on_canvas,90,70,,True,False,,0,,0,,0,120000.0,150000.0,USD,140500.0,USD,True,False,,https://www.christies.com/en/lot/lot-5417046,2011,6300,135000.0,Other
7371989561,397,,South Asian Modern + Contemporary Art,2010-09-15,New York,live,FRANCIS NEWTON SOUZA,1924,2002,Transfiguration,,oil_on_canvas,90,70,,True,False,,0,,0,,0,120000.0,180000.0,USD,146500.0,USD,True,False,,https://www.christies.com/en/lot/lot-5346328,2010,6300,150000.0,Other
1796048928,334,,South Asian Modern + Contemporary Art,2010-09-15,New York,live,FRANCIS NEWTON SOUZA,1924,2002,Untitled (Large Head),,oil_on_canvas,120,90,,True,False,,0,,0,,0,1200000.0,1800000.0,USD,1426500.0,USD,True,False,,https://www.christies.com/en/lot/lot-5346266,2010,10800,1500000.0,Heads & Portraits
-176530168,328,,South Asian Modern + Contemporary Art,2010-09-15,New York,live,FRANCIS NEWTON SOUZA,1924,2002,Untitled (Seated Nude),,oil_on_canvas,90,70,,True,False,,0,,0,,0,70000.0,90000.0,USD,182500.0,USD,True,False,,https://www.christies.com/en/lot/lot-5346260,2010,6300,80000.0,Nudes
-100978522,90,,The Art of Souza: Property from the Estate of Francis Newton Souza,2010-06-09,London,live,FRANCIS NEWTON SOUZA,1924,2002,Untitled (Man),,oil_on_canvas,90,70,,True,False,,0,,0,,0,57150.0,76200.0,GBP,123507.5,GBP,True,False,,https://www.christies.com/en/lot/lot-5328659,2010,6300,66675.0,Heads & Portraits
1441663184,83,,The Art of Souza: Property from the Estate of Francis Newton Souza,2010-06-09,London,live,FRANCIS NEWTON SOUZA,1924,2002,Untitled (Nude with Garters),,oil_on_canvas,90,70,,True,False,,0,,0,,0,63500.0,101600.0,GBP,161607.5,GBP,True,False,,https://www.christies.com/en/lot/lot-5328652,2010,6300,82550.0,Nudes
7901052239,74,,The Art of Souza: Property from the Estate of Francis Newton Souza,2010-06-09,London,live,FRANCIS NEWTON SOUZA,1924,2002,Untitled (Reclining Nude),,oil_on_canvas,70,55,,True,False,,0,,0,,0,38100.0,63500.0,GBP,85407.5,GBP,True,False,,https://www.christies.com/en/lot/lot-5328643,2010,3850,50800.0,Nudes
-647803591,68,,The Art of Souza: Property from the Estate of Francis Newton Souza,2010-06-09,London,live,FRANCIS NEWTON SOUZA,1924,2002,Portrait of a Man,,oil_on_canvas,90,70,,True,False,,0,,0,,0,50800.0,76200.0,GBP,336867.5,GBP,True,False,,https://www.christies.com/en/lot/lot-5328637,2010,6300,63500.0,Heads & Portraits
2133264265,61,,The Art of Souza: Property from the Estate of Francis Newton Souza,2010-06-09,London,live,FRANCIS NEWTON SOUZA,1924,2002,Red Mansion,,oil_on_canvas,90,70,,True,False,,0,,0,,0,25400.0,38100.0,GBP,131127.5,GBP,True,False,,https://www.christies.com/en/lot/lot-5328630,2010,6300,31750.0,Other
5666048520,48,,The Art of Souza: Property from the Estate of Francis Newton Souza,2010-06-09,London,live,FRANCIS NEWTON SOUZA,1924,2002,Red Curse,,oil_on_canvas,120,90,,True,False,,0,,0,,0,190500.0,317500.0,GBP,1119187.5,GBP,True,False,,https://www.christies.com/en/lot/lot-5328617,2010,10800,254000.0,Other
7817949689,47,,The Art of Souza: Property from the Estate of Francis Newton Souza,2010-06-09,London,live,FRANCIS NEWTON SOUZA,1924,2002,Preparatory drawings for Inner Circle,,works_on_paper,35,25,,True,False,,0,,0,,0,44450.0,57150.0,GBP,115887.5,GBP,True,False,,https://www.christies.com/en/lot/lot-5328616,2010,875,50800.0,Other
5164071587,42,,The Art of Souza: Property from the Estate of Francis Newton Souza,2010-06-09,London,live,FRANCIS NEWTON SOUZA,1924,2002,Portrait of John Russell,,oil_on_canvas,90,70,,True,False,,0,,0,,0,31750.0,44450.0,GBP,108267.5,GBP,True,False,,https://www.christies.com/en/lot/lot-5328611,2010,6300,38100.0,Heads & Portraits
2994230316,46,,The Art of Souza: Property from the Estate of Francis Newton Souza,2010-06-09,London,live,FRANCIS NEWTON SOUZA,1924,2002,Vasco Da Gama,,oil_on_canvas,90,70,,True,False,,0,,0,,0,44450.0,57150.0,GBP,230187.5,GBP,True,False,,https://www.christies.com/en/lot/lot-5328615,2010,6300,50800.0,Other
-160699129,29,,The Art of Souza: Property from the Estate of Francis Newton Souza,2010-06-09,London,live,FRANCIS NEWTON SOUZA,1924,2002,"Untitled (Self Portrait), recto; Untitled (Self Portrait with Muse) verso 
Lot 29 also includes Untitled (Harbour) signed and dated 'Souza 1949'",,oil_on_canvas,70,55,1949.0,True,False,,0,,0,,0,15240.0,22860.0,GBP,77787.5,GBP,True,False,,https://www.christies.com/en/lot/lot-5328598,2010,3850,19050.0,Heads & Portraits
6627557947,40,,The Art of Souza: Property from the Estate of Francis Newton Souza,2010-06-09,London,live,FRANCIS NEWTON SOUZA,1924,2002,Indian Girl,,oil_on_canvas,90,70,,True,False,,0,,0,,0,57150.0,76200.0,GBP,214947.5,GBP,True,False,,https://www.christies.com/en/lot/lot-5328609,2010,6300,66675.0,Heads & Portraits
-440272193,23,,The Art of Souza: Property from the Estate of Francis Newton Souza,2010-06-09,London,live,FRANCIS NEWTON SOUZA,1924,2002,FRANCIS NEWTON SOUZA (1924-2002),,oil_on_canvas,70,55,2002.0,True,False,,0,,0,,0,19050.0,25400.0,GBP,93027.5,GBP,True,False,,https://www.christies.com/en/lot/lot-5328592,2010,3850,22225.0,Other
-215555475,22,,The Art of Souza: Property from the Estate of Francis Newton Souza,2010-06-09,London,live,FRANCIS NEWTON SOUZA,1924,2002,Krishna & the Gopis,,oil_on_canvas,70,55,,True,False,,0,,0,,0,19050.0,25400.0,GBP,77787.5,GBP,True,False,,https://www.christies.com/en/lot/lot-5328591,2010,3850,22225.0,Other
-866287852,132,,The Art of Souza: Property from the Estate of Francis Newton Souza,2010-06-09,London,live,FRANCIS NEWTON SOUZA,1924,2002,Untitled,,oil_on_canvas,70,55,,True,False,,0,,0,,0,25400.0,38100.0,GBP,93027.5,GBP,True,False,,https://www.christies.com/en/lot/lot-5328701,2010,3850,31750.0,Other
-743949858,124,,The Art of Souza: Property from the Estate of Francis Newton Souza,2010-06-09,London,live,FRANCIS NEWTON SOUZA,1924,2002,Head of a Man,,oil_on_canvas,70,55,,True,False,,0,,0,,0,25400.0,38100.0,GBP,85407.5,GBP,True,False,,https://www.christies.com/en/lot/lot-5328693,2010,3850,31750.0,Heads & Portraits
-699491843,114,,The Art of Souza: Property from the Estate of Francis Newton Souza,2010-06-09,London,live,FRANCIS NEWTON SOUZA,1924,2002,White Man Black Woman,,oil_on_canvas,90,70,,True,False,,0,,0,,0,50800.0,76200.0,GBP,306387.5,GBP,True,False,,https://www.christies.com/en/lot/lot-5328683,2010,6300,63500.0,Heads & Portraits
-685517707,11,,The Art of Souza: Property from the Estate of Francis Newton Souza,2010-06-09,London,live,FRANCIS NEWTON SOUZA,1924,2002,Christ,,oil_on_canvas,90,70,,True,False,,0,,0,,0,63500.0,101600.0,GBP,367347.5,GBP,True,False,,https://www.christies.com/en/lot/lot-5328580,2010,6300,82550.0,Religious
9031914267,107,,The Art of Souza: Property from the Estate of Francis Newton Souza,2010-06-09,London,live,FRANCIS NEWTON SOUZA,1924,2002,Untitled (Lovers),,oil_on_canvas,90,70,,True,False,,0,,0,,0,50800.0,76200.0,GBP,306387.5,GBP,True,False,,https://www.christies.com/en/lot/lot-5328676,2010,6300,63500.0,Nudes
-366763121,35,,The Art of Souza: Property from the Estate of Francis Newton Souza,2010-06-09,London,live,FRANCIS NEWTON SOUZA,1924,2002,Black Landscape,,oil_on_canvas,70,55,,True,False,,0,,0,,0,38100.0,63500.0,GBP,74739.5,GBP,True,False,,https://www.christies.com/en/lot/lot-5328604,2010,3850,50800.0,Landscape & Cityscape
-249089763,60,,South Asian Modern + Contemporary Art ,2010-03-23,New York,live,FRANCIS NEWTON SOUZA,1924,2002,Untitled (Landscape),,oil_on_canvas,90,70,,True,False,,0,,0,,0,70000.0,90000.0,USD,140500.0,USD,True,False,,https://www.christies.com/en/lot/lot-5295574,2010,6300,80000.0,Landscape & Cityscape
4021155556,7,,South Asian Modern + Contemporary Art ,2010-03-23,New York,live,FRANCIS NEWTON SOUZA,1924,2002,Untitled,,oil_on_canvas,90,70,,True,False,,0,,0,,0,80000.0,120000.0,USD,170500.0,USD,True,False,,https://www.christies.com/en/lot/lot-5295521,2010,6300,100000.0,Other
-943309331,66,,South Asian Modern + Contemporary Art ,2010-03-23,New York,live,FRANCIS NEWTON SOUZA,1924,2002,Durgadevi,,oil_on_canvas,70,55,,True,False,,0,,0,,0,30000.0,50000.0,USD,98500.0,USD,True,False,,https://www.christies.com/en/lot/lot-5295579,2010,3850,40000.0,Other
-332291778,61,,South Asian Modern + Contemporary Art ,2010-03-23,New York,live,FRANCIS NEWTON SOUZA,1924,2002,Untitled,,oil_on_canvas,90,70,,True,False,,0,,0,,0,60000.0,80000.0,USD,158500.0,USD,True,False,,https://www.christies.com/en/lot/lot-5295575,2010,6300,70000.0,Other
8286115934,28,,South Asian Modern + Contemporary Art ,2010-03-23,New York,live,FRANCIS NEWTON SOUZA,1924,2002,Male Nude,,oil_on_canvas,90,70,,True,False,,0,,0,,0,100000.0,150000.0,USD,122500.0,USD,True,False,,https://www.christies.com/en/lot/lot-5295542,2010,6300,125000.0,Nudes
4651045982,46,,South Asian Modern + Contemporary Art ,2010-03-23,New York,live,FRANCIS NEWTON SOUZA,1924,2002,Beasts of Prey,,oil_on_canvas,90,70,,True,False,,0,,0,,0,200000.0,300000.0,USD,458500.0,USD,True,False,,https://www.christies.com/en/lot/lot-5295560,2010,6300,250000.0,Other
-467686598,45,,South Asian Modern + Contemporary Art ,2010-03-23,New York,live,FRANCIS NEWTON SOUZA,1924,2002,Houses at Night,,oil_on_canvas,90,70,,True,False,,0,,0,,0,60000.0,80000.0,USD,146500.0,USD,True,False,,https://www.christies.com/en/lot/lot-5295559,2010,6300,70000.0,Other
-198429516,16,,South Asian Modern + Contemporary Art ,2010-03-23,New York,live,FRANCIS NEWTON SOUZA,1924,2002,Golly - Wog,,oil_on_canvas,90,70,,True,False,,0,,0,,0,60000.0,80000.0,USD,206500.0,USD,True,False,,https://www.christies.com/en/lot/lot-5295530,2010,6300,70000.0,Other
-767602484,9,,South Asian Modern & Contemporary Art,2009-06-10,London,live,FRANCIS NEWTON SOUZA,1924,2002,Untitled (The Church),,oil_on_canvas,90,70,,True,False,,0,,0,,0,50800.0,76200.0,GBP,108267.5,GBP,True,False,,https://www.christies.com/en/lot/lot-5215812,2009,6300,63500.0,Religious
5303340420,1064,,South Asian Modern and Contemporary Art ,2009-03-19,New York,live,FRANCIS NEWTON SOUZA,1924,2002,Untitled,,oil_on_canvas,90,70,,True,False,,0,,0,,0,100000.0,150000.0,USD,140500.0,USD,True,False,,https://www.christies.com/en/lot/lot-5182540,2009,6300,125000.0,Other
-805974737,117,,South Asian Modern + Contemporary Art,2008-09-16,New York,live,FRANCIS NEWTON SOUZA,1924,2002,Black Pope,,oil_on_canvas,90,70,,True,False,,0,,0,,0,250000.0,350000.0,USD,240100.0,USD,True,False,,https://www.christies.com/en/lot/lot-5111995,2008,6300,300000.0,Religious
7973690075,38,,South Asian Modern + Contemporary Art,2008-06-11,London,live,FRANCIS NEWTON SOUZA,1924,2002,Untitled (Townscape),,oil_on_canvas,70,55,,True,False,,0,,0,,0,63500.0,95250.0,GBP,85407.5,GBP,True,False,,https://www.christies.com/en/lot/lot-5079711,2008,3850,79375.0,Other
8307312549,70,,South Asian Modern + Contemporary Art ,2008-03-20,New York,live,FRANCIS NEWTON SOUZA,1924,2002,Untitled,,oil_on_canvas,90,70,,True,False,,0,,0,,0,350000.0,500000.0,USD,385000.0,USD,True,False,,https://www.christies.com/en/lot/lot-5049229,2008,6300,425000.0,Other
7833540424,85,,South Asian Modern + Contemporary Art ,2008-03-20,New York,live,FRANCIS NEWTON SOUZA,1924,2002,Untitled,,oil_on_canvas,70,55,,True,False,,0,,0,,0,100000.0,150000.0,USD,97000.0,USD,True,False,,https://www.christies.com/en/lot/lot-5049244,2008,3850,125000.0,Other
8597770993,34,,South Asian Modern + Contemporary Art,2007-09-20,New York,live,FRANCIS NEWTON SOUZA,1924,2002,Nude with Fruit,,oil_on_canvas,120,90,,True,False,,0,,0,,0,300000.0,500000.0,USD,657000.0,USD,True,False,,https://www.christies.com/en/lot/lot-4960120,2007,10800,400000.0,Nudes
4761358533,39,,South Asian Modern + Contemporary Art,2007-09-20,New York,live,FRANCIS NEWTON SOUZA,1924,2002,Untitled (Nude),,oil_on_canvas,90,70,,True,False,,0,,0,,0,350000.0,500000.0,USD,457000.0,USD,True,False,,https://www.christies.com/en/lot/lot-4960125,2007,6300,425000.0,Nudes
-399760436,45,,South Asian Modern + Contemporary Art,2007-09-20,New York,live,FRANCIS NEWTON SOUZA,1924,2002,Untitled,,oil_on_canvas,90,70,,True,False,,0,,0,,0,180000.0,200000.0,USD,181000.0,USD,True,False,,https://www.christies.com/en/lot/lot-4960131,2007,6300,190000.0,Other
-858481358,99,,South Asian Modern + Contemporary Art,2007-09-20,New York,live,FRANCIS NEWTON SOUZA,1924,2002,Vase of Flowers,,oil_on_canvas,70,55,,True,False,,0,,0,,0,60000.0,80000.0,USD,85000.0,USD,True,False,,https://www.christies.com/en/lot/lot-4960185,2007,3850,70000.0,Still Life
-493165113,52,,MODERN AND CONTEMPORARY INDIAN ART,2006-03-30,New York,live,FRANCIS NEWTON SOUZA,1924,2002,Untitled,,oil_on_canvas,90,70,,True,False,,0,,0,,0,100000.0,150000.0,USD,307200.0,USD,True,False,,https://www.christies.com/en/lot/lot-4677693,2006,6300,125000.0,Other
7029565750,80,,MODERN AND CONTEMPORARY INDIAN ART,2006-03-30,New York,live,FRANCIS NEWTON SOUZA,1924,2002,Untitled (Night landscape with flowering trees),,oil_on_canvas,90,70,,True,False,,0,,0,,0,150000.0,200000.0,USD,486400.0,USD,True,False,,https://www.christies.com/en/lot/lot-4677721,2006,6300,175000.0,Landscape & Cityscape
8945006253,69,,MODERN AND CONTEMPORARY INDIAN ART,2006-03-30,New York,live,FRANCIS NEWTON SOUZA,1924,2002,Untitled,,oil_on_canvas,90,70,,True,False,,0,,0,,0,60000.0,80000.0,USD,329600.0,USD,True,False,,https://www.christies.com/en/lot/lot-4677710,2006,6300,70000.0,Other
1397374707,63,,MODERN AND CONTEMPORARY INDIAN ART,2006-03-30,New York,live,FRANCIS NEWTON SOUZA,1924,2002,Untitled (Blue cityscape),,oil_on_canvas,90,70,,True,False,,0,,0,,0,100000.0,150000.0,USD,374400.0,USD,True,False,,https://www.christies.com/en/lot/lot-4677704,2006,6300,125000.0,Landscape & Cityscape
8600644555,44,,MODERN AND CONTEMPORARY INDIAN ART,2006-03-30,New York,live,FRANCIS NEWTON SOUZA,1924,2002,Untitled (Houses and Church in Landscape with Tree),,oil_on_canvas,90,70,,True,False,,0,,0,,0,80000.0,100000.0,USD,352000.0,USD,True,False,,https://www.christies.com/en/lot/lot-4677685,2006,6300,90000.0,Religious
6909517558,38,,MODERN AND CONTEMPORARY INDIAN ART,2006-03-30,New York,live,FRANCIS NEWTON SOUZA,1924,2002,Untitled (Blue landscape with houses),,oil_on_canvas,90,70,,True,False,,0,,0,,0,25000.0,35000.0,USD,132000.0,USD,True,False,,https://www.christies.com/en/lot/lot-4677679,2006,6300,30000.0,Landscape & Cityscape
-149165231,121,,MODERN AND CONTEMPORARY INDIAN ART,2006-03-30,New York,live,FRANCIS NEWTON SOUZA,1924,2002,Untitled,,oil_on_canvas,90,70,,True,False,,0,,0,,0,90000.0,120000.0,USD,240000.0,USD,True,False,,https://www.christies.com/en/lot/lot-4677762,2006,6300,105000.0,Other
1723799165,278,,Indian and Southeast Asian Art including Modern and         ,2005-09-21,New York,live,FRANCIS NEWTON SOUZA,1924,2002,Zechariah,,oil_on_canvas,90,70,,True,False,,0,,0,,0,50000.0,70000.0,USD,114000.0,USD,True,False,,https://www.christies.com/en/lot/lot-4569097,2005,6300,60000.0,Other
-138830090,288,,Indian and Southeast Asian Art including Modern and         ,2005-09-21,New York,live,FRANCIS NEWTON SOUZA,1924,2002,Untitled,,oil_on_canvas,90,70,,True,False,,0,,0,,0,30000.0,40000.0,USD,114000.0,USD,True,False,,https://www.christies.com/en/lot/lot-4569107,2005,6300,35000.0,Other
-452675253,291,,Indian and Southeast Asian Art including Modern and         ,2005-09-21,New York,live,FRANCIS NEWTON SOUZA,1924,2002,Untitled (Still life),,oil_on_canvas,90,70,,True,False,,0,,0,,0,60000.0,80000.0,USD,262400.0,USD,True,False,,https://www.christies.com/en/lot/lot-4569110,2005,6300,70000.0,Still Life
3454760485,119,,"Southeast Asian and Modern Indian Paintings,                ",2005-05-29,Hong Kong,live,FRANCIS NEWTON SOUZA,1924,2002,Self Portrait with Female Friend,,oil_on_canvas,70,55,,True,False,,0,,0,,0,35840.0,48640.0,HKD,92160.0,HKD,True,False,,https://www.christies.com/en/lot/lot-4508933,2005,3850,42240.0,Heads & Portraits
1039873817,120,,"Southeast Asian and Modern Indian Paintings,                ",2005-05-29,Hong Kong,live,FRANCIS NEWTON SOUZA,1924,2002,Untitled,,oil_on_canvas,70,55,,True,False,,0,,0,,0,51200.0,64000.0,HKD,84480.0,HKD,True,False,,https://www.christies.com/en/lot/lot-4508934,2005,3850,57600.0,Other
4956036333,515,,INDIAN AND ISLAMIC WORKS OF ART,2004-10-15,London,live,FRANCIS NEWTON SOUZA,1924,2002,Untitled,,oil_on_canvas,70,55,,True,False,,0,,0,,0,25400.0,38100.0,GBP,88023.7,GBP,True,False,,https://www.christies.com/en/lot/lot-4363502,2004,3850,31750.0,Other
8705263451,271,,Modern British and Continental Pictures,1992-09-24,London,live,FRANCIS NEWTON SOUZA,1924,2002,Untitled,,works_on_paper,35,25,,True,False,,0,,0,,0,127.0,254.0,GBP,111.76,GBP,True,False,,https://www.christies.com/en/lot/lot-3545836,1992,875,190.5,Other
